Expertise,Name,Designation
,Dr. C. JOSEPH KENNADY ,
"Synthetic Organic Chemistry ,Bio organic Chemistry,BioFuels",Dr. S. VASANTH KUMAR,Professor
"Nanomaterials,Fuel Cells",Dr. A. SAMSON NESARAJ,Professor & Admission officer
"Bioorganic Chemistry,Fluorescent Chemosensors ,Supramolecular Chemistry & Chirality",Dr.R.NANDHAKUMAR,Associate Professor
"Drug–DNA Binding, Magnetic Nanoparticles in Drug Delivery,Molecular Logic Gates",Dr. I.V. MUTHU VIJAYAN ENOCH ,Associate Professor
"Textile chemistry, Polymer chemistry",Dr. G. ANITA HEBSIBA,Assistant Professor
Tribology of Polymer Composites,Dr. J.JOHN RAJESH ,Assistant Professor
"Bioorganometallic Chemistry Hydrogen Production,Electrochemical Kinetics",Dr. V. VIJAIKANTH,Assistant Professor&CBCS – PG Coordinator
"Medicinal,Organic Chemistry",Dr. B. JEBASINGH,Associate Professor
"Electrochemistry ,Corrosion studies",Dr. K. JULIET GNANA SUNDARI,Assistant Professor
Asymmetric synthesis Supramolecular chiral chemistry,Dr. N.ANANTHI,Assistant Professor
"Supramolecular Nano chemistry,Green chemistry,Intellectual Property Rights",Dr. MOSAE SELVAKUMAR,Assistant Professor
"Opto-electronic materials Catalysis ,Bioinorganic Chemistry",Dr. V. MADHU,Assistant Professor
"Synthetic Organic Chemistry,Medicinal Chemistry",Dr. L. EMMANUEL,Assistant Professor
"Fluorescent Chemosensors,Supramolecular Chemistry",Dr. J. PRABHU,Assistant Professor
"Alternative fuels,Biofuels,Organic Synthesis",Dr. A. Obadiah,Assistant Professor
Non Teaching Staff,Mr. D. Joseph,Lab Assistant Grade-I
Non Teaching Staff,Mr. M. Easter Solomon Raja,Lab Technician Grade-II 
Non Teaching Staff,Mr. M. Arunkumar,Lab Assistant Grade-II
Non Teaching Staff,Mr. A. Philip Paulson,Lab Technician Grade-II
