name,designation,email
" Dr. E. KIRUBAKARAN, ",Professor & Head - CST,ekirubakaran@karunya.edu
"PROF. Dr. R. ELIJAH BLESSING, ",Professor & Registrar-KU,elijahblessing@karunya.edu
"Dr. J. IMMANUEL JOHNRAJA,",Associate Professor & HoDi/c ,immanueljohnraja@karunya.edu
"Dr. J. DINESH PETER,",Associate Professor & PG Coordnitor,dineshpeter@karunya.edu
"Mr. S.E. VINODH EWARDS,",HEAD-CTC & ASSISTANT PROFESSOR (AGP 8000),ewards@karunya.edu
"Dr. KUMUDHA RAIMOND,",Professor,kraimond@karunya.edu
"Dr. E. GRACE MARY KANAGA,",Associate Professor,grace@karunya.edu
"Dr. S. SALAJA,",Associate Professor,salaja_cse@karunya.edu
"Dr. G. JASPHER W KATHRINE,",ASSISTANT PROFESSOR (AGP 8000),kathrine@karunya.edu
"Mrs. A. SHAMILA EBENEZER,",ASSISTANT PROFESSOR (AGP 8000),shamila_cse@karunya.edu
Mrs. MARGRET JOHNSON,ASSISTANT PROFESSOR (AGP 8000),margret_cse@karunya.edu
Mrs. P. GETZI JEBA,ASSISTANT PROFESSOR (AGP 8000),getzi@karunya.edu
Mr. G. EDWIN PREM KUMAR,ASSISTANT PROFESSOR (AGP 8000),edwin@karunya.edu
"Mrs. A. KETHSY PRABAVATHY, (Ph.D)",ASSISTANT PROFESSOR (AGP 8000),kethsy_cse@karunya.edu
Mrs. S. DEEPA KANMANI,ASSISTANT PROFESSOR (AGP 8000),deepa_cse@karunya.edu
Mrs. S. DURGA,ASSISTANT PROFESSOR (AGP 8000),sdurga@karunya.edu
Dr. K. RAMALAKSHMI,ASSISTANT PROFESSOR (AGP 8000),ramalakshmi@karunya.edu
Dr. R. VENKATESAN,ASSISTANT PROFESSOR (AGP 8000),rlvenkei_2000@karunya.edu
Dr. G. NAVEEN SUNDAR,ASSISTANT PROFESSOR (AGP 8000),naveensundar@karunya.edu
Dr. D. SUJITHA JULIET,ASSISTANT PROFESSOR (AGP 8000),sujitha@karunya.edu
Dr. S.P. JENO LOVESUM,ASSISTANT PROFESSOR (AGP 8000),jenolovesum@karunya.edu 
Dr. J. ANITHA,ASSISTANT PROFESSOR (AGP 7000),anitha_j@karunya.edu
Mr. V.M. ARUL XAVIER,ASSISTANT PROFESSOR (AGP 7000),arul_vmax@karunya.edu
Mrs. P. ANITHA CHRISTY,ASSISTANT PROFESSOR (AGP 7000),anithap@karunya.edu
Mrs. ESTHER DANIEL,ASSISTANT PROFESSOR (AGP 7000),estherdaniel@karunya.edu
Mr. MATHEW KURIAN,ASSISTANT PROFESSOR (AGP 7000),mathewk80@karunya.edu
Mrs. M. MYTHILY,ASSISTANT PROFESSOR (AGP 7000),mythily@karunya.edu
Mr. P. KARTHIKEYAN,ASSISTANT PROFESSOR (AGP 7000),karthikeyanp@karunya.edu
Mr. A. ALFRED RAJA MELVIN,ASSISTANT PROFESSOR (AGP 6000),aamelvin@karunya.edu
Mr. R. BRIGHT GEE VARGHESE,ASSISTANT PROFESSOR (AGP 6000),drrajendranmg@karunya.edu 
Mrs. M. ROSHNI THANKA,ASSISTANT PROFESSOR (AGP 6000),brightachus@karunya.edu
Mr. S. IWIN THANAKUMAR,ASSISTANT PROFESSOR (AGP 6000),roshni@karunya.edu
Mr. V. KARUNAKARAN,ASSISTANT PROFESSOR (AGP 6000),iwinjoseph@karunya.edu
"Ms. ROSE RANI JOHN,",ASSISTANT PROFESSOR (AGP 6000),roseranijohn@karunya.edu
Mrs. C. PRIYADHARSINI,ASSISTANT PROFESSOR (AGP 6000),priyadharsini@karunya.edu
Ms. I. DEVA PRIYA,ASSISTANT PROFESSOR (AGP 6000),devapriya@karunya.edu
Mr. JEBAN CHANDIR MOSES,ASSISTANT PROFESSOR (AGP 6000),karunakaran@karunya.edu
Mrs. T. MATHU,ASSISTANT PROFESSOR (AGP 6000),mathu@karunya.edu
Mrs. J.A.M. REXIE,ASSISTANT PROFESSOR (AGP 6000),rexie@karunya.edu
Mrs. T. JEMIMA JEBASEELI,ASSISTANT PROFESSOR (AGP 6000),jemima_jeba@karunya.edu
Mr. E. BIJOLIN EDWIN,ASSISTANT PROFESSOR (AGP 6000),bijolin@karunya.edu
Mrs. S. SEETHA,ASSISTANT PROFESSOR (AGP 6000),jeban@karunya.edu
Mrs. S. JEBA PRIYA,ASSISTANT PROFESSOR (AGP 6000),jebapriya@karunya.edu
Mrs. D. NARMADHA,ASSISTANT PROFESSOR (AGP 6000),narmadha@karunya.edu
Mr. J. SEBASTIAN TERENCE,ASSISTANT PROFESSOR (AGP 6000),sebastian@karunya.edu 
Mr. A. FELIX AROKYA JOSE,ASSISTANT PROFESSOR (AGP 6000),arokyajose@karunya.edu
Mrs. S. LEELA,ASSISTANT PROFESSOR (AGP 6000),leela@karunya.edu
Mrs. S. AKILA AGNES,ASSISTANT PROFESSOR (AGP 6000),akilaagnes@karunya.edu
Mr. V. JEYAKRISHNAN,ASSISTANT PROFESSOR (AGP 6000),jeyakrishnan@karunya.edu
Mr. S. JOHN LIVINGSTON,ASSISTANT PROFESSOR (AGP 6000),johnlivingston@karunya.edu
Ms. A. DIANA,ASSISTANT PROFESSOR (AGP 6000),dianacse@karunya.edu
Mr. J. ANDREW,ASSISTANT PROFESSOR (AGP 6000),andrewj@karunya.edu
Mrs. J. REX FIONA,ASSISTANT PROFESSOR (AGP 6000),rexfiona@karunya.edu
Mrs. G. ADLIN SHEEBA,ASSISTANT PROFESSOR (AGP 6000),adlin@karunya.edu 
Mr. R.V. BELFIN,ASSISTANT PROFESSOR (AGP 6000),belfin@karunya.edu
Mr. B.L. RADHAKRISHNAN,ASSISTANT PROFESSOR (AGP 6000),blradhakrishnan@karunya.edu
Mr. S. BASIL XAVIER,ASSISTANT PROFESSOR (AGP 6000),basilxavier@karunya.edu
Mr. D. SHIBIN,ASSISTANT PROFESSOR (AGP 6000),shibin@karunya.edu
Mr. S. SUDHAKAR,ASSISTANT PROFESSOR (AGP 6000),sudhakars@karunya.edu
Mr.Sathiyaraj,Asst. Grade 2,sathiya@karunya.edu
Mr.Chandran,Asst. Grade 2,chandran@karunya.edu
Mr.Robert Jebasingh,Console operator,robert@karunya.edu
Mr.D.Premkumar,Lab Technician GR I,premkumard@karunya.edu
Mr.J.Suthakar Jackson,Lab Technician GR I,jack@karunya.edu
Mr.Jesulee Divahar Maniraj,Lab Technician GR I,jesulee@karunya.edu
Mr.S.Naveen Charles.,Lab Technician GR I,naveen@karunya.edu
Mr.Bubeshkumar Manova,Lab Technician GR I,bubeshkumar@karunya.edu
Mr.A.Martin Porus,Lab Technician GR I,martin_porus@karunya.edu
Mr.Samuel Devakumar,Lab Technician GR I,samuel@karunya.edu
Mr.S.Christober,Lab Technician GR I,schristober@karunya.edu
Mr.Saju Thomas,Lab Technician GR I,saju@karunya.edu
Mr.Johnson,Lab Technician GR I,kjohnson@karunya.edu
Mr.Vijai Daniel,Lab Technician GR I,vdaniel@karunya.edu
expertise,name,designation
"Farm Mechanization, Post harvest technology and value addition, Agro Industries and Extension","Dr. S. Jacob K Annamalai, ","Dean, School of Agriculture and Biosciences "
"Biochemistry, Clinical and Plant Proteomics. ","Dr. J. Jannet Vennila ,",Professor & HOD
Agronomy,"Dr. Kuruvilla Varughese, ",Adjunct Professor 
Plant Biotechnology ,"Dr. P. Ramesh Kumar,",Assistant Professor
Environmental Sciences (Agriculture) ,"Dr. M. Suguna Devakumari, ",Assistant Professor
Horticulture (Floriculture) ,"Mr. S. Kumaresan , ",Assistant Professor 
Agronomy ,"Dr. P. Janarthanan ,",Assistant Professor
Microbiology ,"Dr. J. Vimalin Hena, ",Assistant Professor
Agronomy ,"Dr. D. UdhayaNandhini, ",Assistant Professor
Horticulture (Olericulture) ,"Mr. B. Sakthinathan,",Assistant Professor
Biotechnology (Agriculture) ,"Dr. J. Beslin Joshi,",Assistant Professor
Horticulture (Floriculture) ,"Mrs. S. Sowmeya, ",Assistant Professor 
Agronomy ,"Ms. L. Sanmugapriya, ",Assistant Professor
,"Mr. S. Allwin Ranjith, ",Asst. Gr. II 
,"Mr.A.Antony Stephen Lawrence,",Asst. Gr. II 
,"Mr. Valan Sathish Kumar,",Farm Manager 
,"Mr. S. Venkatesan, ",Farm Supervisor 
,"Mr. V. Nelson,",Farm Supervisor 
Soil and Water engineering ,"Dr. Gaddam Chandra Mouli, ",Adjunct Professor
