name,designation,email,
" Dr. E. KIRUBAKARAN, ",Professor & Head - CST,ekirubakaran@karunya.edu,
"PROF. Dr. R. ELIJAH BLESSING, ",Professor & Registrar-KU,elijahblessing@karunya.edu,
"Dr. J. IMMANUEL JOHNRAJA,",Associate Professor & HoDi/c ,immanueljohnraja@karunya.edu,
"Dr. J. DINESH PETER,",Associate Professor & PG Coordnitor,dineshpeter@karunya.edu,
"Mr. S.E. VINODH EWARDS,",HEAD-CTC & ASSISTANT PROFESSOR (AGP 8000),ewards@karunya.edu,
"Dr. KUMUDHA RAIMOND,",Professor,kraimond@karunya.edu,
"Dr. E. GRACE MARY KANAGA,",Associate Professor,grace@karunya.edu,
"Dr. S. SALAJA,",Associate Professor,salaja_cse@karunya.edu,
"Dr. G. JASPHER W KATHRINE,",ASSISTANT PROFESSOR (AGP 8000),kathrine@karunya.edu,
"Mrs. A. SHAMILA EBENEZER,",ASSISTANT PROFESSOR (AGP 8000),shamila_cse@karunya.edu,
Mrs. MARGRET JOHNSON,ASSISTANT PROFESSOR (AGP 8000),margret_cse@karunya.edu,
Mrs. P. GETZI JEBA,ASSISTANT PROFESSOR (AGP 8000),getzi@karunya.edu,
Mr. G. EDWIN PREM KUMAR,ASSISTANT PROFESSOR (AGP 8000),edwin@karunya.edu,
"Mrs. A. KETHSY PRABAVATHY, (Ph.D)",ASSISTANT PROFESSOR (AGP 8000),kethsy_cse@karunya.edu,
Mrs. S. DEEPA KANMANI,ASSISTANT PROFESSOR (AGP 8000),deepa_cse@karunya.edu,
Mrs. S. DURGA,ASSISTANT PROFESSOR (AGP 8000),sdurga@karunya.edu,
Dr. K. RAMALAKSHMI,ASSISTANT PROFESSOR (AGP 8000),ramalakshmi@karunya.edu,
Dr. R. VENKATESAN,ASSISTANT PROFESSOR (AGP 8000),rlvenkei_2000@karunya.edu,
Dr. G. NAVEEN SUNDAR,ASSISTANT PROFESSOR (AGP 8000),naveensundar@karunya.edu,
Dr. D. SUJITHA JULIET,ASSISTANT PROFESSOR (AGP 8000),sujitha@karunya.edu,
Dr. S.P. JENO LOVESUM,ASSISTANT PROFESSOR (AGP 8000),jenolovesum@karunya.edu ,
Dr. J. ANITHA,ASSISTANT PROFESSOR (AGP 7000),anitha_j@karunya.edu,
Mr. V.M. ARUL XAVIER,ASSISTANT PROFESSOR (AGP 7000),arul_vmax@karunya.edu,
Mrs. P. ANITHA CHRISTY,ASSISTANT PROFESSOR (AGP 7000),anithap@karunya.edu,
Mrs. ESTHER DANIEL,ASSISTANT PROFESSOR (AGP 7000),estherdaniel@karunya.edu,
Mr. MATHEW KURIAN,ASSISTANT PROFESSOR (AGP 7000),mathewk80@karunya.edu,
Mrs. M. MYTHILY,ASSISTANT PROFESSOR (AGP 7000),mythily@karunya.edu,
Mr. P. KARTHIKEYAN,ASSISTANT PROFESSOR (AGP 7000),karthikeyanp@karunya.edu,
Mr. A. ALFRED RAJA MELVIN,ASSISTANT PROFESSOR (AGP 6000),aamelvin@karunya.edu,
Mr. R. BRIGHT GEE VARGHESE,ASSISTANT PROFESSOR (AGP 6000),drrajendranmg@karunya.edu ,
Mrs. M. ROSHNI THANKA,ASSISTANT PROFESSOR (AGP 6000),brightachus@karunya.edu,
Mr. S. IWIN THANAKUMAR,ASSISTANT PROFESSOR (AGP 6000),roshni@karunya.edu,
Mr. V. KARUNAKARAN,ASSISTANT PROFESSOR (AGP 6000),iwinjoseph@karunya.edu,
"Ms. ROSE RANI JOHN,",ASSISTANT PROFESSOR (AGP 6000),roseranijohn@karunya.edu,
Mrs. C. PRIYADHARSINI,ASSISTANT PROFESSOR (AGP 6000),priyadharsini@karunya.edu,
Ms. I. DEVA PRIYA,ASSISTANT PROFESSOR (AGP 6000),devapriya@karunya.edu,
Mr. JEBAN CHANDIR MOSES,ASSISTANT PROFESSOR (AGP 6000),karunakaran@karunya.edu,
Mrs. T. MATHU,ASSISTANT PROFESSOR (AGP 6000),mathu@karunya.edu,
Mrs. J.A.M. REXIE,ASSISTANT PROFESSOR (AGP 6000),rexie@karunya.edu,
Mrs. T. JEMIMA JEBASEELI,ASSISTANT PROFESSOR (AGP 6000),jemima_jeba@karunya.edu,
Mr. E. BIJOLIN EDWIN,ASSISTANT PROFESSOR (AGP 6000),bijolin@karunya.edu,
Mrs. S. SEETHA,ASSISTANT PROFESSOR (AGP 6000),jeban@karunya.edu,
Mrs. S. JEBA PRIYA,ASSISTANT PROFESSOR (AGP 6000),jebapriya@karunya.edu,
Mrs. D. NARMADHA,ASSISTANT PROFESSOR (AGP 6000),narmadha@karunya.edu,
Mr. J. SEBASTIAN TERENCE,ASSISTANT PROFESSOR (AGP 6000),sebastian@karunya.edu ,
Mr. A. FELIX AROKYA JOSE,ASSISTANT PROFESSOR (AGP 6000),arokyajose@karunya.edu,
Mrs. S. LEELA,ASSISTANT PROFESSOR (AGP 6000),leela@karunya.edu,
Mrs. S. AKILA AGNES,ASSISTANT PROFESSOR (AGP 6000),akilaagnes@karunya.edu,
Mr. V. JEYAKRISHNAN,ASSISTANT PROFESSOR (AGP 6000),jeyakrishnan@karunya.edu,
Mr. S. JOHN LIVINGSTON,ASSISTANT PROFESSOR (AGP 6000),johnlivingston@karunya.edu,
Ms. A. DIANA,ASSISTANT PROFESSOR (AGP 6000),dianacse@karunya.edu,
Mr. J. ANDREW,ASSISTANT PROFESSOR (AGP 6000),andrewj@karunya.edu,
Mrs. J. REX FIONA,ASSISTANT PROFESSOR (AGP 6000),rexfiona@karunya.edu,
Mrs. G. ADLIN SHEEBA,ASSISTANT PROFESSOR (AGP 6000),adlin@karunya.edu ,
Mr. R.V. BELFIN,ASSISTANT PROFESSOR (AGP 6000),belfin@karunya.edu,
Mr. B.L. RADHAKRISHNAN,ASSISTANT PROFESSOR (AGP 6000),blradhakrishnan@karunya.edu,
Mr. S. BASIL XAVIER,ASSISTANT PROFESSOR (AGP 6000),basilxavier@karunya.edu,
Mr. D. SHIBIN,ASSISTANT PROFESSOR (AGP 6000),shibin@karunya.edu,
Mr. S. SUDHAKAR,ASSISTANT PROFESSOR (AGP 6000),sudhakars@karunya.edu,
Mr.Sathiyaraj,Asst. Grade 2,sathiya@karunya.edu,
Mr.Chandran,Asst. Grade 2,chandran@karunya.edu,
Mr.Robert Jebasingh,Console operator,robert@karunya.edu,
Mr.D.Premkumar,Lab Technician GR I,premkumard@karunya.edu,
Mr.J.Suthakar Jackson,Lab Technician GR I,jack@karunya.edu,
Mr.Jesulee Divahar Maniraj,Lab Technician GR I,jesulee@karunya.edu,
Mr.S.Naveen Charles.,Lab Technician GR I,naveen@karunya.edu,
Mr.Bubeshkumar Manova,Lab Technician GR I,bubeshkumar@karunya.edu,
Mr.A.Martin Porus,Lab Technician GR I,martin_porus@karunya.edu,
Mr.Samuel Devakumar,Lab Technician GR I,samuel@karunya.edu,
Mr.S.Christober,Lab Technician GR I,schristober@karunya.edu,
Mr.Saju Thomas,Lab Technician GR I,saju@karunya.edu,
Mr.Johnson,Lab Technician GR I,kjohnson@karunya.edu,
Mr.Vijai Daniel,Lab Technician GR I,vdaniel@karunya.edu,
,,,
expertise,name,designation,
"Farm Mechanization, Post harvest technology and value addition, Agro Industries and Extension","Dr. S. Jacob K Annamalai, ","Dean, School of Agriculture and Biosciences ",
"Biochemistry, Clinical and Plant Proteomics. ","Dr. J. Jannet Vennila ,",Professor & HOD,
Agronomy,"Dr. Kuruvilla Varughese, ",Adjunct Professor ,
Plant Biotechnology ,"Dr. P. Ramesh Kumar,",Assistant Professor,
Environmental Sciences (Agriculture) ,"Dr. M. Suguna Devakumari, ",Assistant Professor,
Horticulture (Floriculture) ,"Mr. S. Kumaresan , ",Assistant Professor ,
Agronomy ,"Dr. P. Janarthanan ,",Assistant Professor,
Microbiology ,"Dr. J. Vimalin Hena, ",Assistant Professor,
Agronomy ,"Dr. D. UdhayaNandhini, ",Assistant Professor,
Horticulture (Olericulture) ,"Mr. B. Sakthinathan,",Assistant Professor,
Biotechnology (Agriculture) ,"Dr. J. Beslin Joshi,",Assistant Professor,
Horticulture (Floriculture) ,"Mrs. S. Sowmeya, ",Assistant Professor ,
Agronomy ,"Ms. L. Sanmugapriya, ",Assistant Professor,
,"Mr. S. Allwin Ranjith, ",Asst. Gr. II ,
,"Mr.A.Antony Stephen Lawrence,",Asst. Gr. II ,
,"Mr. Valan Sathish Kumar,",Farm Manager ,
,"Mr. S. Venkatesan, ",Farm Supervisor ,
,"Mr. V. Nelson,",Farm Supervisor ,
Soil and Water engineering ,"Dr. Gaddam Chandra Mouli, ",Adjunct Professor,
,,,
name,designation,email,
"Dr. P.D.Arumairaj, M.E, Ph.D., ","Professor & Head, Department of Civil Engineering",arumairaj@karunya.edu,
"Dr. G.Prince Arulraj, M.Tech, Ph.D.,",Professor & Director E&T ,princearulraj@karunya.edu,
"Dr. D. Tensing, M.E, Ph.D., ",Professor ,dtensing@karunya.edu,
"Dr. J.Brema, M.E, Ph.D.,",Professor & Program Co.Ordinator,brema@karunya.edu,
"Dr. G. Hemalatha, M.E, Ph.D., ",Associate Professor,hemalathag@karunya.edu,
"Dr. R. Mercy Shanthi, M.E, Ph.D.,",Associate Professor,mercyshanthi@karunya.edu,
"Dr. C. Gajendran, M.E, Ph.D., ",Associate Professor,gajendran@karunya.edu,
"Dr. C. Freeda Christy, M.E, Ph.D.,",Associate Professor,freeda@karunya.edu,
"Dr. N. Anand, M.E, Ph.D., ",Associate Professor,nanand@karunya.edu,
"Mrs. M. Jemimah Carmichael, M.E, (Ph.D)",Assistant Professor(SG),jemimah@karunya.edu,
"Mr.A.Joe Paulson, M.E, (Ph.D)",Assistant Professor,joe@karunya.edu,
"Mr. Christopher Gunasingh, M.E, (Ph.D)",Assistant Professor,cgs@karunya.edu,
"Mrs. V. Sheela, M.E, (Ph.D),",Assistant Professor,sheela@karunya.edu,
"Mr. S. Vincent Sam Jebadurai, M.E, (Ph.D)",Assistant Professor,vincent@karunya.edu,
"Mr. E. ArunRaj, M.Tech, (Ph.D),",Assistant Professor,arunraje@karunya.edu,
"Mr. I. Antony Godwin, M.Tech, (Ph.D)",Assistant Professor,antonygodwin@karunya.edu,
"Ms. S.Nancy Debora, M.Tech",Assistant Professor,nancydebora@karunya.edu,
"Ms.Eunice, M.Tech",Assistant Professor,eunice@karunya.edu,
"Ms.D.Jayalin, M.Tech.",Assistant Professor,jayalin@karunya.edu,
"Ms.R.Irish Nivitha, M.E,(Ph.D),",Assistant Professor,irishnivitha@karunya.edu,
"Mrs.K.Prathibaa, M.Tech.",Assistant Professor,prathibaa@karunya.edu,
"Mr.Venkata Ramesh Reddy, M.Tech.,",Assistant Professor,vrreddy@karunya.edu ,
"Ms.A.Anjali, M.Tech, (Ph.D)",Assistant Professor,anjalianandan@karunya.edu,
"Mr.D.Samuel Abraham, M.E.,",Assistant Professor,samuelabraham@karunya.edu ,
"Ms.Aneena Raju, M.Tech.,",Assistant Professor,aneenaraju@karunya.edu,
"Mr.Janaki Raman, M.E.,",Assistant Professor,janakiraman@karunya.edu,
"Dr. M. G. Rajendran, M.E, Ph.D.,",Adjunct Professor,drrajendranmg@karunya.edu,
"Er. P.Senthil Kumar,",Adjunct Faculty,senthilkumar@karunya.edu,
"Mr.S.J.Jeyaraj, M.E.,",Adjunct Faculty,jeyaraj@karunya.edu,
"Mr.Ebenezer Sahayam Samuel,",Adjunct Faculty,ebenezer@karunya.edu,
"Dr.Nainan P.Kurian, Ph.D., D.Sc.,",Adjunct Professor,,
,,,
Expertise,Name,Designation,Email
"Expertise: Metaheuristic Optimization Algorithms, Soft Computing Techniques ","Dr. A. IMMANUEL SELVAKUMAR, M.E., Ph.D.,","Professor & Head, Department of Electrical Sciences ",immanuel@karunya.edu 
"Expertise: Distributed Generation, Smart Grid","Dr. J. JAYAKUMAR, M.E., Ph.D,",Professor & UG Programme Coordinator ,jayakumar@karunya.edu
"Expertise:Image Processing, Network controlling ","Dr. V. EVELYN BRINDHA, M.E., Ph.D.,",Professor & Head KCDC , evelynbrindha@karunya.edu 
"Expertise : Static Power Converters, Inverters","Dr. V. JEGATHESAN, M.E., Ph.D.,",Associate Professor ,jegathesan@karunya.edu 
"Expertise:Energy Conservation, Hydro Power ","Dr. PRAWIN ANGEL MICHAEL, M.E., Ph.D.,",Associate Professor , prawin@karunya.edu 
"Expertise : Power Systems, Soft Computing Techniques","Dr. M. S. P. SUBATHRA, M.E., Ph.D.,",Associate Professor ,subathra@karunya.edu 
"Expertise:Reconfigurable controllers for Electrical Systems,Energy Efficient Electrical Systems ","Dr. A. ALBERT RAJAN, M.E., Ph.D.,",Associate Professor & Deputy Registrar , albert@karunya.edu 
"Expertise : Digital Image Processing, Digital Signal Processing","Dr. SHANTY CHACKO, M.E., Ph.D.,",Assistant Professor ,shanty@karunya.edu 
"Expertise:High Voltage Engineering, HVDC Transmission ,Flexible AC transmission Systems ","Mr. P. SWAMINATHAN, M.TECH., MBA.,",Assistant Professor , swaminathanp@karunya.edu 
"Expertise : Renewable Energy Technology : Wind Power Forecasting, Power Electronics & Drives: Converters for Grid Integration","Dr. M. LYDIA, M.E., Ph.D.,",Assistant Professor ,lydiaedwin@karunya.edu 
"Expertise:Power Electronics Converters, Water Pumping Applications ","Dr. F.T. JOSH, M.E., Ph.D.,",Assistant Professor , josh@karunya.edu 
"Expertise : Power Electronics and Drives, Special Electrical Machines Drives","Ms. S. JEBARANI EVANGELINE, M.E., (Ph.D),",Assistant Professor ,jeba_eva@karunya.edu 
"Expertise:Advanced Driver Assistance Systems, Converters for Vehicles ","Dr. S. PAUL SATHIYAN, M.E., Ph.D.,",Assistant Professor , sathiyan@karunya.edu 
"Expertise : Energy from Waste, Solar energy utilization","Mrs. R. NARCISS STARBELL, M.E.,",Assistant Professor ,starbell@karunya.edu 
"Expertise:Power flow management of Solar PV based Hybrid System, Optimal Sizing and Tilting of PV system ","Dr. S. BERCLIN JEYAPRABHA, M.E., Ph.D.,",Assistant Professor , berclin@karunya.edu 
"Expertise : Solar Thermal applications, Optimized control","Mr. A. BENUEL SATHISH RAJ, M.E., MBA., (Ph.D),",Assistant Professor ,benuel@karunya.edu 
"Expertise:Condition monitoring of electrical machines, Investigations on Stator and Rotor Faults Detection in Asynchronous Motor Using Signal and Model Based Techniques ","Dr. K. VINOTH KUMAR, M.Tech., Ph.D.,",Assistant Professor , vinothkumar@karunya.edu 
"Expertise : Power quality Enhancement,Facts Devices","Mr. P. VENKATSH KUMAR, M.E., (Ph.D),",Assistant Professor ,venkateshkumar@karunya.edu 
"Expertise:Power Electronics and Drives, Renewable Energy","Mrs. R. MEENAL, M.E., (Ph.D).,",Assistant Professor , meenal@karunya.edu 
Expertise : Bio Metric Pattern Recognition,"Mr. P. MANIKANDAN, M.Tech.,",Assistant Professor ,manikandanpl@karunya.edu 
"Expertise:Power Converters, Brushless DC Motor","Mrs. J. JENCY JOSEPH, M.E., (Ph.D),",Assistant Professor , jencyjoseph@karunya.edu 
"Expertise : Renewable Energy (Solar Energy) ,Power Electronics","Mr. C. BENIN PRATAP, M.E., (Ph.D),",Assistant Professor ,benin@karunya.edu 
"Expertise:Power Electronics and Electric Drives, Fuel Cells","Mr. S. AJAYAN, M.Tech., (Ph.D),",Assistant Professor , ajayans@karunya.edu 
"Expertise : Renewable Energy Resources, Power Electronics and Drives","Ms. J. JACINTH POORNIMA, M.Tech., (Ph.D),",Assistant Professor ,jacinth@karunya.edu 
"Expertise: Automotive, Electric and Hybrid Vehicle","Mrs. MERRY CHERIAN, M.Tech.,",Assistant Professor , merrycherian@karunya.edu 
"Expertise : Nano technology, Power System Control","Mr. A. SHANKAR, M.Tech., (Ph.D),",Assistant Professor ,shankar@karunya.edu 
"Expertise: Solar Photovoltaic Design, Energy Auditing and Management ","Mr. S. SATHEESH KUMAR, M.E., (Ph.D),",Assistant Professor , satheesh@karunya.edu 
"Expertise : Biosignal Processing, Image Processing","Mr. P. NAGABUSHANAM, M.Tech., (Ph.D),",Assistant Professor ,nagabushanam@karunya.edu 
,"Dr. K.T Madavan, M.E, Ph.D.,",Adjunct Faculty ,
,"Mr. C. Anand Asir, B.A.,",Adjunct Faculty ,
,"Mr. J. Johnson Jeyasingh, B.E., ",,
,"Mr. A. Jebasingh, ITI.,",Adjunct Faculty ,
,"Mr. J. Prem Kumar, DEEE., ",,
,"Mr. L. Nixon, DEEE.,",,
,Mr. K.Gobinathan ,,
,,,
Qualification,Name,Designation,Email
"M.Sc., Ph.D","Dr.J.Jannet Vennila, ",Professor,jannet_r@karunya.edu
"M.Sc., Ph.D.","Dr. Md. Afroz Alam,",Assistant Professor (SG) & Program Coordinator,afroz@karunya.edu 
"M.Sc., Ph.D ","Dr.Jobin Varkey*, ",Assistant Professor ,jobinvarkey@karunya.edu
"M.Sc., Ph.D","Dr.Sowmya B.L*,",Assistant Professor,sowmyalokappa@karunya.edu 
"M.Tech, Ph.D","Mr. D. Premnath**, ",Assistant Professor,premnath@karunya.edu 
"M.Sc., M.Phil.","Ms. R. Mohana Priya, ",Assistant Professor,mohanapriya@karunya.edu 
"M.Sc., M.Tech","Mr. AN. Kaarthik,",Assistant Professor,ankaarthik@karunya.edu 
"M.Tech, Ph.D","Dr. Sachidanand* Singh, ",Assistant Professor,sachidanand@karunya.edu 
"M.Tech, Ph.D","Dr. Atul Kumar*, ",Assistant Professor ,atulkumar@karunya.edu 
Ph.D ,"Prof.Jayandharan Giridhara Rao,","Associate Professor, Department of Bilogical sciences and Bioengineering IIT - Kanpur",
,,,
Qualification,Expertise,Name,Designation
Ph.D in physics,Thin Film Solar cells ,"Dr. S.Rajesh, ",Program Coordinator Nanoscience 
"B.Sc., Chemistry M.Phil., Chemistry M. Tech., Nanotechnology M.Sc. Chemistry Ph.D Chemistry",Magnetic Nanoparticles and Drug delivery ,"Dr. Enoch Muthu Vijayan,",Associate Professor 
"M.Sc., Materials Science Ph.D in Solid state electronics ","Thin Film solar cells, photocatalysis, nanomaterials synthesis and characterization","Dr. B.Vidhya, ",Assistant Professor 
"B.E. in Electronics and Communication Engineering, M.E. in VLSI Design. Ph.D (Pursuing) ",Nanodeives modelling Fabrication of TFET ,"Mr. S.K.Suresh Babu,",Assistant Professor
"B.E in Electronics and Communication Engineering, M.Tech in Nanotechnology, Ph.D (Pursuing) ",Perovskites for photovoltaic applications ,"Ms. N.Gouthami, ",Assistant Professor
(rajaraci@karunya.edu) ,,"Mr. Raja , ",Technician- SEM 
(shaunpravin@karuya.edu) ,,"Mr. Shaun Pravin,",Technician- XRD
,,,
Name,Designation,,
"Dr. DAPHY LOUIS LOVENIA J M.Sc., M.Phil., Ph.D., ",PROFESSOR & HEAD.,,
"Dr. HEPZIBAH CHRISTINAL A M.Sc., M.Phil., Ph.D, ",PROFESSOR & CONTROLLER OF EXAMINATIONS.,,
"Dr. ELIZABETH AMUDHINI STEPHEN S. M.Sc., M.Phil., Ph.D., PGDCA,",ASSOCIATE PROFESSOR & HEAD ALUMINI AFFAIRS.,,
"Dr. NIRMALA RANI L. M.Sc., M.Phil., Ph.D., ",ASSISTANT PROFESSOR.,,
"Dr. ELAVARASAN B. M.Sc., M.Phil., Ph.D. ",ASSISTANT PROFESSOR.,,
"Dr. REBECCA JEBASEELI EDNA K. M.Sc., M.Phil., Ph.D. ",ASSISTANT PROFESSOR.,,
"Dr. JEMMY JOYCE V. M.Sc., M.Phil., Ph.D., ",ASSISTANT PROFESSOR.,,
"Dr. GOMATHI JAWAHAR G. M.Sc., M.Phil., Ph.D., ",ASSISTANT PROFESSOR,,
"Dr. KAVITHA V. M.Sc., M.Phil., Ph.D",Assistant Professor,,
"Dr. SELVAMANI R. M.Sc., M.Phil., Ph.D, ",Assistant Professor ,,
"Dr. PORSELVI K. M.Sc., M.Phil., Ph.D.",Assistant Professor,,
"Mr. BAZIL WILFRED C. M.Sc., M.Phil., PGDCA., ",Assistant Professor,,
"Mrs. DIVYA P.S. M.Sc., M.Phil.",ASSISTANT PROFESSOR ,,
"Ms. SELVARATHI M. M.Sc., M.Phil. ",ASSISTANT PROFESSOR ,,
"Mrs. JANSI J. M.Sc., M.Phil., ",ASSISTANT PROFESSOR,,
"Dr. CATHERINE GRACE JOHN J. M.Sc., M.Phil., Ph.D, ",ASSISTANT PROFESSOR.,,
"Dr. VENINSTINE VIVIK J. M.Sc., M.Phil., Ph.D.,",Assistant Professor,,
"Mr. JEBASINGH S. M.Sc., M.Phil, ",Assistant Professor ,,
"Mr. XAVIER P. M.Sc., M.Phil., M.Ed.,",Assistant Professor,,
"Ms. VIJILA M. M.Sc., M.Phil, ",Assistant Professor,,
"Mrs. SHEEBA MERLIN. M.Sc., M.Phil.",ASSISTANT PROFESSOR ,,
"Mrs. K. SHIRMILA PREMKUMARI. M.Sc., M.Phil.",ASSISTANT PROFESSOR ,,
"Ms. GRAYNA. M.Sc., M.Phil, ",ASSISTANT PROFESSOR,,
"Dr. P. EVANZALIN EBENANJAR. M.Sc., M.Phil., Ph.D, ",ASSISTANT PROFESSOR.,,
"Mrs. JUDE IMMACULATE. M.Sc., M.Phil.,",Assistant Professor,,
"Ms. SIVARANJANI. M.Sc., M.Phil., ",ASSISTANT PROFESSOR,,
"Dr. J. Ebenesar Anna Bagyam. M.Sc., M.Phil., Ph.D,",Assistant Professor,,
,,,
name,Designation And Expertise,,
Dr. J. SUNDARSINGH,"Cognitive Linguistics, CLIL, TESL, Indian Writing in English, and Stylistics",,
Dr. S. JEYACHANDRA ,"Associate Professor, ELT, Translation Studies, American Literature, Tribal Studies, Canadian Literature, British Literature, Autobiographies, Christian Literature, and English for medical purposes.",,
Dr. DAVID WILSON,"Associate Professor, English Literature, Tribal Studies, ELT, Linguistics, and Communication Strategies",,
Dr. M. POONKODI,"Assistant Professor, Indian Writing in English, Women Studies, and ESP",,
Dr. HELEN UNIUS BACKIAVATHY,"Assistant Professor, British Poetry, Christian Literature, and British Literature",,
Dr. CORNELI AGNES ROSABELLA,"Assistant Professor, British literature and Christian Literature",,
Dr. AMUTHA DHANARAJ,"Assistant Professor, Indian Writing in English, Socio-Cultural Studies",,
Dr. D. KOUSALYA,"Assistant Professor, Indian Writing in English",,
Mr. C. MASILAMANI,"Assistant Professor, English Language Teaching, Activity Based Teaching, and Experiential Learning",,
Mr. SHINE J.S,"Assistant Professor, Cultural Studies, Film studies, Post- Colonial Studies",,
Ms. S.VAITHEHI,"Assistant Professor, Feminism, Language and Linguistics, and English Language Teaching",,
Dr. DHANAVEL,"Adjunct Faculty, American Literature, British Literature, Indian Literature",,
Dr. ARUNACHALAM,"Adjunct Faculty, Shakespeare,Modern Applied Linguistics",,
,,,
Expertise,Name,Designation,
"Electrocatalysts ,Photocatalysts ",Dr. K. PARAMESWARI, Associate Professor,
Electrochemistry,Dr. C. JOSEPH KENNADY ,Professor,
"Synthetic Organic Chemistry ,Bio organic Chemistry,BioFuels",Dr. S. VASANTH KUMAR,Professor,
"Nanomaterials,Fuel Cells",Dr. A. SAMSON NESARAJ,Professor & Admission officer,
"Bioorganic Chemistry,Fluorescent Chemosensors ,Supramolecular Chemistry & Chirality",Dr.R.NANDHAKUMAR,Associate Professor,
"Drug–DNA Binding, Magnetic Nanoparticles in Drug Delivery,Molecular Logic Gates",Dr. I.V. MUTHU VIJAYAN ENOCH ,Associate Professor,
"Textile chemistry, Polymer chemistry",Dr. G. ANITA HEBSIBA,Assistant Professor,
Tribology of Polymer Composites,Dr. J.JOHN RAJESH ,Assistant Professor,
"Bioorganometallic Chemistry Hydrogen Production,Electrochemical Kinetics",Dr. V. VIJAIKANTH,Assistant Professor&CBCS – PG Coordinator,
"Medicinal,Organic Chemistry",Dr. B. JEBASINGH,Associate Professor,
"Electrochemistry ,Corrosion studies",Dr. K. JULIET GNANA SUNDARI,Assistant Professor,
Asymmetric synthesis Supramolecular chiral chemistry,Dr. N.ANANTHI,Assistant Professor,
"Supramolecular Nano chemistry,Green chemistry,Intellectual Property Rights",Dr. MOSAE SELVAKUMAR,Assistant Professor,
"Opto-electronic materials Catalysis ,Bioinorganic Chemistry",Dr. V. MADHU,Assistant Professor,
"Synthetic Organic Chemistry,Medicinal Chemistry",Dr. L. EMMANUEL,Assistant Professor,
"Fluorescent Chemosensors,Supramolecular Chemistry",Dr. J. PRABHU,Assistant Professor,
"Alternative fuels,Biofuels,Organic Synthesis",Dr. A. Obadiah,Assistant Professor,
,Mr. D. Joseph,Lab Assistant Grade-I,
,Mr. M. Easter Solomon Raja,Lab Technician Grade-II ,
,Mr. M. Arunkumar,Lab Assistant Grade-II,
,Mr. A. Philip Paulson,Lab Technician Grade-II,
,,,
Name,Designation,Email,
Dr. L. Godson Asirvatham ,Professor and HOD ,godson@karunya.edu,
Dr. K. Leo Dev Wins,"Professor, Programme Coordinator ",leo@karunya.edu,
Dr. T.V. Christy,Professor ,christy@karunya.edu,
Dr. D. Robinson Smart,Professor ,smart@karunya.edu,
Dr. P. SAM PAUL,Professor ,sampaul@karunya.edu,
Dr. G. Ganesan,Associate Professor ,ganesan_em@karunya.edu,
Dr. C. P. JAWAHAR,Associate Professor ,jawahar@karunya.edu,
Dr. S. Antony Raja,Associate Professor ,santonyraja@karunya.edu,
Dr. D. PHILIP SELVARAJ,Associate Professor(SG) ,philipselvaraj@karunya.edu,
Dr.R.RAJA,Assistant Professor ,raja_r11773@karunya.edu,
Mr. B.Jefferson Raja Bose,Assistant Professor(SG) ,Jefferson@karunya.edu ,
Dr. RAJAKUMAR S. RAI,Assistant Professor ,rajakumars@karunya.edu,
Dr. S.J.Vijay,Assistant Professor(SG) ,vijayjoseph@karunya.edu,
Dr. BabuRaoGadudasu,Assistant Professor ,baburao@karunya.edu,
Mr. Joseph John Marshal. S,Assistant Professor(SG) ,s_marshal@karunya.edu,
Mr. M.Wilson Kumar,Assistant Professor ,wilson@karunya.edu,
Mrs. K.GnanaSundari,Assistant Professor ,gnanasundari@karunya.edu,
Dr. Sabitha Jannet,Assistant Professor ,wilson@karunya.edu,
S.EMERALD NINOLIN,Assistant Professor ,emeninolin@karunya.edu ,
Mr. M.SURESH,Assistant Professor ,mtsuresh@karunya.edu ,
Mr. I.Kantharaj,Assistant Professor ,kantharaj@karunya.edu ,
Mr. BALASUBRAMANIAN.K,Assistant Professor ,balasubramanian@karunya.edu ,
Mr. G.PrabhuRubesh,Assistant Professor ,prabhurubesh@karunya.edu ,
Mrs. Mona Sahu,Assistant Professor ,monasahu@karunya.edu ,
Mr.P.Ramkumar,Assistant Professor ,prabhurubesh@karunya.edu ,
Mr. S. Mohanasundaram,Assistant Professor ,mohanasundaram@karunya.edu ,
Mr.D. Emmanuel Sam Franklin,Assistant Professor ,emmanuelsam@karunya.edu ,
Mr. S.RAJESH RUBAN,Assistant Professor ,rajeshruban@karunya.edu ,
LIJIN GEORGE,Assistant Professor ,lijin@karunya.edu ,
Mr.G.Lawrance,Assistant Professor ,lawrance@karunya.edu,
Mr. Bobby P Paul,Assistant Professor ,bobbypaul@karunya.edu ,
Mr. Ajay Vasanth. X,Assistant Professor ,ajayvasanth@karunya.edu ,
Mr. SURESH E,Assistant Professor ,sureshe@karunya.edu ,
Mr. P. JAYASEELAN,Assistant Professor ,jayaseelan@karunya.edu ,
Dr. K. Prabhu,Assistant Professor ,prabuk@karunya.edu ,
Dr. A Brusly Solomon,Assistant Professor ,abruslysolomon@karunya.edu ,
Mr. ANTHUVAN STEPHEN EDBERK J,Assistant Professor ,anthuvan@karunya.edu ,
Mr. D.S. Ebenezer Jacob Dhas,Assistant Professor ,ebenezerjacob@karunya.edu ,
Mr. Allen Varughese,Assistant Professor ,allenvarughese@karunya.edu ,
Mr. Daniel E,Assistant Professor ,daniele@karunya.edu ,
Mr. TITUS THANKACHAN,Assistant Professor ,titus@karunya.edu ,
Mr. S. Benny Raj,Assistant Professor ,bennyraj@karunya.edu ,
,,,
Expertise,Name,Designation,Email
Signal Processing,"Dr. Shanthini Pandiaraj, M.E. Ph.D.,",Assistant Professor / Head i/c of Media & Communications ,shanthini@karunya.edu
Embedded Systems ,"Mr. Nair Vishal Vijay, M.Tech,","Assistant Professor, ",vishalnair@karunya.edu
App Development ,"Mr. Alex J Timothy, M.Tech,","Assistant Professor, ",alex@karunya.edu
Image Processing ,"Mr. Christhu Raja , M.Tech,","Assistant Professor, ",christhuraja@karunya.edu
Image Processing ,"Mr. Isaac Joel Raj, M.Tech, MBA, (Ph.D)","Assistant Professor, ",joelraj@karunya.edu
Advertising ,"Mr. Jeniffer June, M.Tech,","Assistant Professor, ", jenniferjune@karunya.edu
Image Processing ,"Mr. Saravanan.S, M.Tech, (Ph.D)","Assistant Professor, ",ssaravanan@karunya.edu
Education Technology ,"Mr. Dilip Kumar Kocharla , M.Tech,",Assistant Professor ,dilipkumar@karunya.edu
Broadcast Engineering ,"Mr. Navin M George, M.Tech, (Ph.D),",Assistant Professor ,navinmgeorge@karunya.edu
Embedded systems ,"Mr. Alan Immanuel Benjamin, M.Tech,",Assistant Professor , alanimmanuel@karunya.edu
,Mr. Justin,"Lab Technician, ", 
,Mr.Kingsley,"Lab Technician, ", 
,Mr. Pon Rajesh,"Lab Technician, ", 
Expertise,Name,Designation,Email
"Modern Optimization, Renewable Energy","Dr. A. IMMANUEL SELVAKUMAR, M.E., Ph.D.,","Professor & Head, Department of Electrical Sciences ",immanuel@karunya.edu 
"Image and Video Processing, Machine Learning and Optimization Techniques","Dr. D. Abraham Chandy, M.E.,Ph.D",Associate Professor & UG Programme Coordinator ,"abrahamchandy@karunya.edu, "
"Embedded Systems, Biomedical instrumentation","Dr. K. Rajasekaran, M.Tech.,Ph.D",Professor ," k_rajasekaran@karunya.edu, "
"Process Control, Control Systems, Biomedical instrumentation","Dr. Subha Hency Jose, M.E.,Ph.D",Assistant Professor ,"hency20002000@karunya.edu, "
"Sensors, Signal Processing, Soft Computing","Dr. P. Rajalakshmy, M.E.,Ph.D",Assistant Professor ," rajalakshmy@karunya.edu, "
"Process Control, Network Control System, Industrial Communication Networks","Dr. D. Pamela, M.E.,Ph.D",Associate Professor ,"pamela@karunya.edu, "
"Instrumentation, Control and Biomedical Engineering","Mr. J .Samson Isaac, M.Tech.,(Ph.D)",Assistant Professor ," samsonisaac@karunya.edu, "
"Industrial Automation, Embedded System, Signal Conditioning","Mr. K. Gerard Joe Nigel, M.E.,(Ph.D)",Assistant Professor ,"gerardnigel@karunya.edu, "
"Control System, Automation, Sensors","Mr. P. Anantha Christu Raj, M.E.,(Ph.D)",Assistant Professor ," anantha@karunya.edu, "
"Process Control, System Identification, Intelligent Controllers","Mr. L. D. Vijay Anand, M.E.,(Ph.D)",Assistant Professor ,"vijayanand@karunya.edu, "
"Control and Instrumentation, VLSI Design, Embedded Systems, Biomedical applications","Dr. X. Anitha Mary, M.E.,Ph.D",Assistant Professor ," anithamary@karunya.edu, "
Real Time Embedded System and Biomedical Instrumentation,"Dr. R. Jegan, M.Tech.,Ph.D",Assistant Professor ,"jegan@karunya.edu, "
Biomedical Instrumentation,"Mrs. E.Smily Jeya Jothi, M.E., (Ph.D) (On Leave)",Assistant Professor ," smily@karunya.edu, "
"Biomedical Instrumentation, Signal Conditioning","Mrs. B.Thilagavathi, M.E., (Ph.D)",Assistant Professor ,"thilagavathib@karunya.edu, "
"Intelligent Controllers, Biomedical Instrumentation, Process Control","Mrs. Hepsiba D, M.E., (Ph.D)",Assistant Professor ," hepsiba@karunya.edu, "
"Process Control, Industrial Automation","Mr. P. Vijay Daniel, M.E., (Ph.D)",Assistant Professor ,"vijaydaniel@karunya.edu, "
"Process Control, Biomedical Instrumentation, Signal Conditioning","Mrs. Lina Rose, M.Tech.,(Ph.D)",Assistant Professor ," linarose@karunya.edu, "
Process Control and Optical Sensor Technology,"Mr. P. Kingston Stanley, M.E.,(Ph.D)",Assistant Professor ,"kingstonstanley@karunya.edu, "
"Embedded Systems Design, GUI Development, LabVIEW Programming, Sensor Interfacing","Mr. C. Mahesh, M.Tech.,(Ph.D)",Assistant Professor ," mahesh.vishwa@karunya.edu, 9787286513 "
