[
{"name": " Dr. E. KIRUBAKARAN, ", "designation": "Professor & Head - CST"},
{"name": "PROF. Dr. R. ELIJAH BLESSING, ", "designation": "Professor & Registrar-KU"},
{"name": "Dr. J. IMMANUEL JOHNRAJA,", "designation": "Associate Professor & HoDi/c "},
{"name": "Dr. J. DINESH PETER,", "designation": "Associate Professor & PG Coordnitor"},
{"name": "Mr. S.E. VINODH EWARDS,", "designation": "HEAD-CTC & ASSISTANT PROFESSOR (AGP 8000)"},
{"name": "Dr. KUMUDHA RAIMOND,", "designation": "Professor"},
{"name": "Dr. E. GRACE MARY KANAGA,", "designation": "Associate Professor"},
{"name": "Dr. S. SALAJA,", "designation": "Associate Professor"},
{"name": "Dr. G. JASPHER W KATHRINE,", "designation": "ASSISTANT PROFESSOR (AGP 8000)"},
{"name": "Mrs. A. SHAMILA EBENEZER,", "designation": "ASSISTANT PROFESSOR (AGP 8000)"},
{"name": "Mrs. MARGRET JOHNSON", "designation": "ASSISTANT PROFESSOR (AGP 8000)"},
{"name": "Mrs. P. GETZI JEBA", "designation": "ASSISTANT PROFESSOR (AGP 8000)"},
{"name": "Mr. G. EDWIN PREM KUMAR", "designation": "ASSISTANT PROFESSOR (AGP 8000)"},
{"name": "Mrs. A. KETHSY PRABAVATHY, (Ph.D)", "designation": "ASSISTANT PROFESSOR (AGP 8000)"},
{"name": "Mrs. S. DEEPA KANMANI", "designation": "ASSISTANT PROFESSOR (AGP 8000)"},
{"name": "Mrs. S. DURGA", "designation": "ASSISTANT PROFESSOR (AGP 8000)"},
{"name": "Dr. K. RAMALAKSHMI", "designation": "ASSISTANT PROFESSOR (AGP 8000)"},
{"name": "Dr. R. VENKATESAN", "designation": "ASSISTANT PROFESSOR (AGP 8000)"},
{"name": "Dr. G. NAVEEN SUNDAR", "designation": "ASSISTANT PROFESSOR (AGP 8000)"},
{"name": "Dr. D. SUJITHA JULIET", "designation": "ASSISTANT PROFESSOR (AGP 8000)"},
{"name": "Dr. S.P. JENO LOVESUM", "designation": "ASSISTANT PROFESSOR (AGP 8000)"},
{"name": "Dr. J. ANITHA", "designation": "ASSISTANT PROFESSOR (AGP 7000)"},
{"name": "Mr. V.M. ARUL XAVIER", "designation": "ASSISTANT PROFESSOR (AGP 7000)"},
{"name": "Mrs. P. ANITHA CHRISTY", "designation": "ASSISTANT PROFESSOR (AGP 7000)"},
{"name": "Mrs. ESTHER DANIEL", "designation": "ASSISTANT PROFESSOR (AGP 7000)"},
{"name": "Mr. MATHEW KURIAN", "designation": "ASSISTANT PROFESSOR (AGP 7000)"},
{"name": "Mrs. M. MYTHILY", "designation": "ASSISTANT PROFESSOR (AGP 7000)"},
{"name": "Mr. P. KARTHIKEYAN", "designation": "ASSISTANT PROFESSOR (AGP 7000)"},
{"name": "Mr. A. ALFRED RAJA MELVIN", "designation": "ASSISTANT PROFESSOR (AGP 6000)"},
{"name": "Mr. R. BRIGHT GEE VARGHESE", "designation": "ASSISTANT PROFESSOR (AGP 6000)"},
{"name": "Mrs. M. ROSHNI THANKA", "designation": "ASSISTANT PROFESSOR (AGP 6000)"},
{"name": "Mr. S. IWIN THANAKUMAR", "designation": "ASSISTANT PROFESSOR (AGP 6000)"},
{"name": "Mr. V. KARUNAKARAN", "designation": "ASSISTANT PROFESSOR (AGP 6000)"},
{"name": "Ms. ROSE RANI JOHN,", "designation": "ASSISTANT PROFESSOR (AGP 6000)"},
{"name": "Mrs. C. PRIYADHARSINI", "designation": "ASSISTANT PROFESSOR (AGP 6000)"},
{"name": "Ms. I. DEVA PRIYA", "designation": "ASSISTANT PROFESSOR (AGP 6000)"},
{"name": "Mr. JEBAN CHANDIR MOSES", "designation": "ASSISTANT PROFESSOR (AGP 6000)"},
{"name": "Mrs. T. MATHU", "designation": "ASSISTANT PROFESSOR (AGP 6000)"},
{"name": "Mrs. J.A.M. REXIE", "designation": "ASSISTANT PROFESSOR (AGP 6000)"},
{"name": "Mrs. T. JEMIMA JEBASEELI", "designation": "ASSISTANT PROFESSOR (AGP 6000)"},
{"name": "Mr. E. BIJOLIN EDWIN", "designation": "ASSISTANT PROFESSOR (AGP 6000)"},
{"name": "Mrs. S. SEETHA", "designation": "ASSISTANT PROFESSOR (AGP 6000)"},
{"name": "Mrs. S. JEBA PRIYA", "designation": "ASSISTANT PROFESSOR (AGP 6000)"},
{"name": "Mrs. D. NARMADHA", "designation": "ASSISTANT PROFESSOR (AGP 6000)"},
{"name": "Mr. J. SEBASTIAN TERENCE", "designation": "ASSISTANT PROFESSOR (AGP 6000)"},
{"name": "Mr. A. FELIX AROKYA JOSE", "designation": "ASSISTANT PROFESSOR (AGP 6000)"},
{"name": "Mrs. S. LEELA", "designation": "ASSISTANT PROFESSOR (AGP 6000)"},
{"name": "Mrs. S. AKILA AGNES", "designation": "ASSISTANT PROFESSOR (AGP 6000)"},
{"name": "Mr. V. JEYAKRISHNAN", "designation": "ASSISTANT PROFESSOR (AGP 6000)"},
{"name": "Mr. S. JOHN LIVINGSTON", "designation": "ASSISTANT PROFESSOR (AGP 6000)"},
{"name": "Ms. A. DIANA", "designation": "ASSISTANT PROFESSOR (AGP 6000)"},
{"name": "Mr. J. ANDREW", "designation": "ASSISTANT PROFESSOR (AGP 6000)"},
{"name": "Mrs. J. REX FIONA", "designation": "ASSISTANT PROFESSOR (AGP 6000)"},
{"name": "Mrs. G. ADLIN SHEEBA", "designation": "ASSISTANT PROFESSOR (AGP 6000)"},
{"name": "Mr. R.V. BELFIN", "designation": "ASSISTANT PROFESSOR (AGP 6000)"},
{"name": "Mr. B.L. RADHAKRISHNAN", "designation": "ASSISTANT PROFESSOR (AGP 6000)"},
{"name": "Mr. S. BASIL XAVIER", "designation": "ASSISTANT PROFESSOR (AGP 6000)"},
{"name": "Mr. D. SHIBIN", "designation": "ASSISTANT PROFESSOR (AGP 6000)"},
{"name": "Mr. S. SUDHAKAR", "designation": "ASSISTANT PROFESSOR (AGP 6000)"},
{"name": "Mr.Sathiyaraj", "designation": "Asst. Grade 2"},
{"name": "Mr.Chandran", "designation": "Asst. Grade 2"},
{"name": "Mr.Robert Jebasingh", "designation": "Console operator"},
{"name": "Mr.D.Premkumar", "designation": "Lab Technician GR I"},
{"name": "Mr.J.Suthakar Jackson", "designation": "Lab Technician GR I"},
{"name": "Mr.Jesulee Divahar Maniraj", "designation": "Lab Technician GR I"},
{"name": "Mr.S.Naveen Charles.", "designation": "Lab Technician GR I"},
{"name": "Mr.Bubeshkumar Manova", "designation": "Lab Technician GR I"},
{"name": "Mr.A.Martin Porus", "designation": "Lab Technician GR I"},
{"name": "Mr.Samuel Devakumar", "designation": "Lab Technician GR I"},
{"name": "Mr.S.Christober", "designation": "Lab Technician GR I"},
{"name": "Mr.Saju Thomas", "designation": "Lab Technician GR I"},
{"name": "Mr.Johnson", "designation": "Lab Technician GR I"},
{"name": "Mr.Vijai Daniel", "designation": "Lab Technician GR I"}
]