[

{"Name": "Dr. J. SUNDARSINGH", "Designation": "Cognitive Linguistics, CLIL, TESL, Indian Writing in English, and Stylistics"},
{"Name": "Dr. S. JEYACHANDRA ", "Designation": "Associate Professor, ELT, Translation Studies, American Literature, Tribal Studies, Canadian Literature, British Literature, Autobiographies, Christian Literature, and English for medical purposes."},
{"Name": "Dr. DAVID WILSON", "Designation": "Associate Professor, English Literature, Tribal Studies, ELT, Linguistics, and Communication Strategies"},
{"Name": "Dr. M. POONKODI", "Designation": "Assistant Professor, Indian Writing in English, Women Studies, and ESP"},
{"Name": "Dr. HELEN UNIUS BACKIAVATHY", "Designation": "Assistant Professor, British Poetry, Christian Literature, and British Literature"},
{"Name": "Dr. CORNELI AGNES ROSABELLA", "Designation": "Assistant Professor, British literature and Christian Literature"},
{"Name": "Dr. AMUTHA DHANARAJ", "Designation": "Assistant Professor, Indian Writing in English, Socio-Cultural Studies"},
{"Name": "Dr. D. KOUSALYA", "Designation": "Assistant Professor, Indian Writing in English"},
{"Name": "Mr. C. MASILAMANI", "Designation": "Assistant Professor, English Language Teaching, Activity Based Teaching, and Experiential Learning"},
{"Name": "Mr. SHINE J.S", "Designation": "Assistant Professor, Cultural Studies, Film studies, Post- Colonial Studies"},
{"Name": "Ms. S.VAITHEHI", "Designation": "Assistant Professor, Feminism, Language and Linguistics, and English Language Teaching"},
{"Name": "Dr. DHANAVEL", "Designation": "Adjunct Faculty, American Literature, British Literature, Indian Literature"},
{"Name": "Dr. ARUNACHALAM", "Designation": "Adjunct Faculty, Shakespeare,Modern Applied Linguistics"}
,
{"Name": "Dr. S.Rajesh, ", "Designation": "Program Coordinator Nanoscience "},
{"Name": "Dr. Enoch Muthu Vijayan,", "Designation": "Associate Professor "},
{"Name": "Dr. B.Vidhya, ", "Designation": "Assistant Professor "},
{"Name": "Mr. S.K.Suresh Babu,", "Designation": "Assistant Professor"},
{"Name": "Ms. N.Gouthami, ", "Designation": "Assistant Professor"},
{"Name": "Mr. Raja , ", "Designation": "Technician- SEM "},
{"Name": "Mr. Shaun Pravin,", "Designation": "Technician- XRD"}
,
{"Name": "Dr. DAPHY LOUIS LOVENIA J M.Sc., M.Phil., Ph.D., ", "Designation": "PROFESSOR & HEAD."},
{"Name": "Dr. HEPZIBAH CHRISTINAL A M.Sc., M.Phil., Ph.D, ", "Designation": "PROFESSOR & CONTROLLER OF EXAMINATIONS."},
{"Name": "Dr. ELIZABETH AMUDHINI STEPHEN S. M.Sc., M.Phil., Ph.D., PGDCA,", "Designation": "ASSOCIATE PROFESSOR & HEAD ALUMINI AFFAIRS."},
{"Name": "Dr. NIRMALA RANI L. M.Sc., M.Phil., Ph.D., ", "Designation": "ASSISTANT PROFESSOR."},
{"Name": "Dr. ELAVARASAN B. M.Sc., M.Phil., Ph.D. ", "Designation": "ASSISTANT PROFESSOR."},
{"Name": "Dr. REBECCA JEBASEELI EDNA K. M.Sc., M.Phil., Ph.D. ", "Designation": "ASSISTANT PROFESSOR."},
{"Name": "Dr. JEMMY JOYCE V. M.Sc., M.Phil., Ph.D., ", "Designation": "ASSISTANT PROFESSOR."},
{"Name": "Dr. GOMATHI JAWAHAR G. M.Sc., M.Phil., Ph.D., ", "Designation": "ASSISTANT PROFESSOR"},
{"Name": "Dr. KAVITHA V. M.Sc., M.Phil., Ph.D", "Designation": "Assistant Professor"},
{"Name": "Dr. SELVAMANI R. M.Sc., M.Phil., Ph.D, ", "Designation": "Assistant Professor "},
{"Name": "Dr. PORSELVI K. M.Sc., M.Phil., Ph.D.", "Designation": "Assistant Professor"},
{"Name": "Mr. BAZIL WILFRED C. M.Sc., M.Phil., PGDCA., ", "Designation": "Assistant Professor"},
{"Name": "Mrs. DIVYA P.S. M.Sc., M.Phil.", "Designation": "ASSISTANT PROFESSOR "},
{"Name": "Ms. SELVARATHI M. M.Sc., M.Phil. ", "Designation": "ASSISTANT PROFESSOR "},
{"Name": "Mrs. JANSI J. M.Sc., M.Phil., ", "Designation": "ASSISTANT PROFESSOR"},
{"Name": "Dr. CATHERINE GRACE JOHN J. M.Sc., M.Phil., Ph.D, ", "Designation": "ASSISTANT PROFESSOR."},
{"Name": "Dr. VENINSTINE VIVIK J. M.Sc., M.Phil., Ph.D.,", "Designation": "Assistant Professor"},
{"Name": "Mr. JEBASINGH S. M.Sc., M.Phil, ", "Designation": "Assistant Professor "},
{"Name": "Mr. XAVIER P. M.Sc., M.Phil., M.Ed.,", "Designation": "Assistant Professor"},
{"Name": "Ms. VIJILA M. M.Sc., M.Phil, ", "Designation": "Assistant Professor"},
{"Name": "Mrs. SHEEBA MERLIN. M.Sc., M.Phil.", "Designation": "ASSISTANT PROFESSOR "},
{"Name": "Mrs. K. SHIRMILA PREMKUMARI. M.Sc., M.Phil.", "Designation": "ASSISTANT PROFESSOR "},
{"Name": "Ms. GRAYNA. M.Sc., M.Phil, ", "Designation": "ASSISTANT PROFESSOR"},
{"Name": "Dr. P. EVANZALIN EBENANJAR. M.Sc., M.Phil., Ph.D, ", "Designation": "ASSISTANT PROFESSOR."},
{"Name": "Mrs. JUDE IMMACULATE. M.Sc., M.Phil.,", "Designation": "Assistant Professor"},
{"Name": "Ms. SIVARANJANI. M.Sc., M.Phil., ", "Designation": "ASSISTANT PROFESSOR"},
{"Name": "Dr. J. Ebenesar Anna Bagyam. M.Sc., M.Phil., Ph.D,", "Designation": "Assistant Professor"}
,
{"Name": "Dr. Shanthini Pandiaraj, M.E. Ph.D.,", "Designation": "Assistant Professor / Head i/c of Media & Communications "},
{"Name": "Mr. Nair Vishal Vijay, M.Tech,", "Designation": "Assistant Professor, "},
{"Name": "Mr. Alex J Timothy, M.Tech,", "Designation": "Assistant Professor, "},
{"Name": "Mr. Christhu Raja , M.Tech,", "Designation": "Assistant Professor, "},
{"Name": "Mr. Isaac Joel Raj, M.Tech, MBA, (Ph.D)", "Designation": "Assistant Professor, "},
{"Name": "Mr. Jeniffer June, M.Tech,", "Designation": "Assistant Professor, "},
{"Name": "Mr. Saravanan.S, M.Tech, (Ph.D)", "Designation": "Assistant Professor, "},
{"Name": "Mr. Dilip Kumar Kocharla , M.Tech,", "Designation": "Assistant Professor "},
{"Name": "Mr. Navin M George, M.Tech, (Ph.D),", "Designation": "Assistant Professor "},
{"Name": "Mr. Alan Immanuel Benjamin, M.Tech,", "Designation": "Assistant Professor "},
{"Name": "Mr. Justin", "Designation": "Lab Technician, "},
{"Name": "Mr.Kingsley", "Designation": "Lab Technician, "},
{"Name": "Mr. Pon Rajesh", "Designation": "Lab Technician, "}
,
{"Name": "Dr. A. IMMANUEL SELVAKUMAR, M.E., Ph.D.,", "Designation": "Professor & Head, Department of Electrical Sciences "},
{"Name": "Dr. J. JAYAKUMAR, M.E., Ph.D,", "Designation": "Professor & UG Programme Coordinator "},
{"Name": "Dr. V. EVELYN BRINDHA, M.E., Ph.D.,", "Designation": "Professor & Head KCDC "},
{"Name": "Dr. V. JEGATHESAN, M.E., Ph.D.,", "Designation": "Associate Professor "},
{"Name": "Dr. PRAWIN ANGEL MICHAEL, M.E., Ph.D.,", "Designation": "Associate Professor "},
{"Name": "Dr. M. S. P. SUBATHRA, M.E., Ph.D.,", "Designation": "Associate Professor "},
{"Name": "Dr. A. ALBERT RAJAN, M.E., Ph.D.,", "Designation": "Associate Professor & Deputy Registrar "},
{"Name": "Dr. SHANTY CHACKO, M.E., Ph.D.,", "Designation": "Assistant Professor "},
{"Name": "Mr. P. SWAMINATHAN, M.TECH., MBA.,", "Designation": "Assistant Professor "},
{"Name": "Dr. M. LYDIA, M.E., Ph.D.,", "Designation": "Assistant Professor "},
{"Name": "Dr. F.T. JOSH, M.E., Ph.D.,", "Designation": "Assistant Professor "},
{"Name": "Ms. S. JEBARANI EVANGELINE, M.E., (Ph.D),", "Designation": "Assistant Professor "},
{"Name": "Dr. S. PAUL SATHIYAN, M.E., Ph.D.,", "Designation": "Assistant Professor "},
{"Name": "Mrs. R. NARCISS STARBELL, M.E.,", "Designation": "Assistant Professor "},
{"Name": "Dr. S. BERCLIN JEYAPRABHA, M.E., Ph.D.,", "Designation": "Assistant Professor "},
{"Name": "Mr. A. BENUEL SATHISH RAJ, M.E., MBA., (Ph.D),", "Designation": "Assistant Professor "},
{"Name": "Dr. K. VINOTH KUMAR, M.Tech., Ph.D.,", "Designation": "Assistant Professor "},
{"Name": "Mr. P. VENKATSH KUMAR, M.E., (Ph.D),", "Designation": "Assistant Professor "},
{"Name": "Mrs. R. MEENAL, M.E., (Ph.D).,", "Designation": "Assistant Professor "},
{"Name": "Mr. P. MANIKANDAN, M.Tech.,", "Designation": "Assistant Professor "},
{"Name": "Mrs. J. JENCY JOSEPH, M.E., (Ph.D),", "Designation": "Assistant Professor "},
{"Name": "Mr. C. BENIN PRATAP, M.E., (Ph.D),", "Designation": "Assistant Professor "},
{"Name": "Mr. S. AJAYAN, M.Tech., (Ph.D),", "Designation": "Assistant Professor "},
{"Name": "Ms. J. JACINTH POORNIMA, M.Tech., (Ph.D),", "Designation": "Assistant Professor "},
{"Name": "Mrs. MERRY CHERIAN, M.Tech.,", "Designation": "Assistant Professor "},
{"Name": "Mr. A. SHANKAR, M.Tech., (Ph.D),", "Designation": "Assistant Professor "},
{"Name": "Mr. S. SATHEESH KUMAR, M.E., (Ph.D),", "Designation": "Assistant Professor "},
{"Name": "Mr. P. NAGABUSHANAM, M.Tech., (Ph.D),", "Designation": "Assistant Professor "},
{"Name": "Dr. K.T Madavan, M.E, Ph.D.,", "Designation": "Adjunct Faculty "},
{"Name": "Mr. C. Anand Asir, B.A.,", "Designation": "Assistant Grade II "},
{"Name": "Mr. J. Johnson Jeyasingh, B.E., ", "Designation": null},
{"Name": "Mr. A. Jebasingh, ITI.,", "Designation": "Lab Technician "},
{"Name": "Mr. J. Prem Kumar, DEEE., ", "Designation": null},
{"Name": "Mr. L. Nixon, DEEE.,", "Designation": null},
{"Name": "Mr. K.Gobinathan ", "Designation": null}
,
{"Name": "Dr. P.D.Arumairaj, M.E, Ph.D., ", "Designation": "Professor & Head, Department of Civil Engineering"},
{"Name": "Dr. G.Prince Arulraj, M.Tech, Ph.D.,", "Designation": "Professor & Director E&T "},
{"Name": "Dr. D. Tensing, M.E, Ph.D., ", "Designation": "Professor "},
{"Name": "Dr. J.Brema, M.E, Ph.D.,", "Designation": "Professor & Program Co.Ordinator"},
{"Name": "Dr. G. Hemalatha, M.E, Ph.D., ", "Designation": "Associate Professor"},
{"Name": "Dr. R. Mercy Shanthi, M.E, Ph.D.,", "Designation": "Associate Professor"},
{"Name": "Dr. C. Gajendran, M.E, Ph.D., ", "Designation": "Associate Professor"},
{"Name": "Dr. C. Freeda Christy, M.E, Ph.D.,", "Designation": "Associate Professor"},
{"Name": "Dr. N. Anand, M.E, Ph.D., ", "Designation": "Associate Professor"},
{"Name": "Mrs. M. Jemimah Carmichael, M.E, (Ph.D)", "Designation": "Assistant Professor(SG)"},
{"Name": "Mr.A.Joe Paulson, M.E, (Ph.D)", "Designation": "Assistant Professor"},
{"Name": "Mr. Christopher Gunasingh, M.E, (Ph.D)", "Designation": "Assistant Professor"},
{"Name": "Mrs. V. Sheela, M.E, (Ph.D),", "Designation": "Assistant Professor"},
{"Name": "Ms. S. Aiswarya, M.Tech, (Ph.D),", "Designation": "Assistant Professor"},
{"Name": "Mr. A.Arun Soloman , M.Tech, (Ph.D),", "Designation": "Assistant Professor"},
{"Name": "Mr. S. Vincent Sam Jebadurai, M.E, (Ph.D)", "Designation": "Assistant Professor"},
{"Name": "Mr. E. ArunRaj, M.Tech, (Ph.D),", "Designation": "Assistant Professor"},
{"Name": "Mr. I. Antony Godwin, M.Tech, (Ph.D)", "Designation": "Assistant Professor"},
{"Name": "Ms. S.Nancy Debora, M.Tech", "Designation": "Assistant Professor"},
{"Name": "Ms.Eunice, M.Tech", "Designation": "Assistant Professor"},
{"Name": "Ms.D.Jayalin, M.Tech.", "Designation": "Assistant Professor"},
{"Name": "Ms.R.Irish Nivitha, M.E,(Ph.D),", "Designation": "Assistant Professor"},
{"Name": "Mrs.K.Prathibaa, M.Tech.", "Designation": "Assistant Professor"},
{"Name": "Mr.Venkata Ramesh Reddy, M.Tech.,", "Designation": "Assistant Professor"},
{"Name": "Ms.A.Anjali, M.Tech, (Ph.D)", "Designation": "Assistant Professor"},
{"Name": "Mr.D.Samuel Abraham, M.E.,", "Designation": "Assistant Professor"},
{"Name": "Ms.Aneena Raju, M.Tech.,", "Designation": "Assistant Professor"},
{"Name": "Mr.Janaki Raman, M.E.,", "Designation": "Assistant Professor"},
{"Name": "Dr. M. G. Rajendran, M.E, Ph.D.,", "Designation": "Adjunct Professor"},
{"Name": "Er. P.Senthil Kumar,", "Designation": "Adjunct Faculty"},
{"Name": "Mr.S.J.Jeyaraj, M.E.,", "Designation": "Adjunct Faculty"},
{"Name": "Mr.Ebenezer Sahayam Samuel,", "Designation": "Adjunct Faculty"},
{"Name": "Dr.Nainan P.Kurian, Ph.D., D.Sc.,", "Designation": "Adjunct Professor"}
,
{"Name": "Dr. S. Jacob K Annamalai,", "Designation": "Dean, School of Agriculture and Biosciences "},
{"Name": "Dr. J. Jannet Vennila ,", "Designation": "Professor & HOD "},
{"Name": "Dr. Kuruvilla Varughese,", "Designation": "Adjunct Professor "},
{"Name": "Dr. P. Ramesh Kumar,", "Designation": "Assistant Professor "},
{"Name": "Dr. M. Suguna Devakumari,", "Designation": "Assistant Professor "},
{"Name": "Mr. S. Kumaresan ,", "Designation": "Assistant Professor "},
{"Name": "Dr. P. Janarthanan", "Designation": "Assistant Professor "},
{"Name": "Dr. J. Vimalin Hena", "Designation": " Assistant Professor "},
{"Name": "Dr. D. Udhaya Nandhini", "Designation": " Assistant Professor "},
{"Name": "Mr. B. Sakthinathan", "Designation": " Assistant Professor "},
{"Name": "Dr. J. Beslin Joshi", "Designation": "Assistant Professor "},
{"Name": "Mrs. S. Sowmeya", "Designation": " Assistant Professor "},
{"Name": "Ms. L. Sanmugapriya", "Designation": "Assistant Professor "},
{"Name": "Mr. S. Allwin Ranjith", "Designation": " Asst. Gr. II "},
{"Name": "Mr.A.Antony Stephen Lawrence", "Designation": "Asst. Gr. II "},
{"Name": "Mr. Valan Sathish Kumar", "Designation": " Farm Manager "},
{"Name": "Mr. S. Venkatesan", "Designation": "Farm Supervisor "},
{"Name": "Mr. V. Nelson", "Designation": " Farm Manager "},
{"Name": "Dr. Gaddam Chandra Mouli", "Designation": "Adjunct Professor "}
,
{"Name": " Dr. E. KIRUBAKARAN, ", "Designation": "Professor & Head - CST"},
{"Name": "PROF. Dr. R. ELIJAH BLESSING, ", "Designation": "Professor & Registrar-KITS"},
{"Name": "Dr. J. IMMANUEL JOHNRAJA,", "Designation": "Associate Professor & UG coordinator "},
{"Name": "Dr. J. DINESH PETER,", "Designation": "Associate Professor & PG coordinator"},
{"Name": "Mr. S.E. VINODH EWARDS,", "Designation": "HEAD-CTC & ASSISTANT PROFESSOR (AGP 8000)"},
{"Name": "Dr. KUMUDHA RAIMOND,", "Designation": "Professor"},
{"Name": "Dr. E. GRACE MARY KANAGA,", "Designation": "Associate Professor"},
{"Name": "Dr. S. SALAJA,", "Designation": "Associate Professor"},
{"Name": "Dr. G. JASPHER W KATHRINE,", "Designation": "ASSISTANT PROFESSOR (AGP 8000)"},
{"Name": "Mrs. A. SHAMILA EBENEZER,", "Designation": "ASSISTANT PROFESSOR (AGP 8000)"},
{"Name": "Mrs. MARGRET JOHNSON", "Designation": "ASSISTANT PROFESSOR (AGP 8000)"},
{"Name": "Mrs. P. GETZI JEBA", "Designation": "ASSISTANT PROFESSOR (AGP 8000)"},
{"Name": "Mr. G. EDWIN PREM KUMAR", "Designation": "ASSISTANT PROFESSOR (AGP 8000)"},
{"Name": "Mrs. A. KETHSY PRABAVATHY, (Ph.D)", "Designation": "ASSISTANT PROFESSOR (AGP 8000)"},
{"Name": "Mrs. S. DEEPA KANMANI", "Designation": "ASSISTANT PROFESSOR (AGP 8000)"},
{"Name": "Mrs. S. DURGA", "Designation": "ASSISTANT PROFESSOR (AGP 8000)"},
{"Name": "Dr. K. RAMALAKSHMI", "Designation": "ASSISTANT PROFESSOR (AGP 8000)"},
{"Name": "Dr. R. VENKATESAN", "Designation": "ASSISTANT PROFESSOR (AGP 8000)"},
{"Name": "Dr. G. NAVEEN SUNDAR", "Designation": "ASSISTANT PROFESSOR (AGP 8000)"},
{"Name": "Dr. D. SUJITHA JULIET", "Designation": "ASSISTANT PROFESSOR (AGP 8000)"},
{"Name": "Dr. J. ANITHA", "Designation": "ASSISTANT PROFESSOR (AGP 7000)"},
{"Name": "Mr. V.M. ARUL XAVIER", "Designation": "ASSISTANT PROFESSOR (AGP 7000)"},
{"Name": "Mrs. P. ANITHA CHRISTY", "Designation": "ASSISTANT PROFESSOR (AGP 7000)"},
{"Name": "Mrs. ESTHER DANIEL", "Designation": "ASSISTANT PROFESSOR (AGP 7000)"},
{"Name": "Mrs. M. MYTHILY", "Designation": "ASSISTANT PROFESSOR (AGP 7000)"},
{"Name": "Mr. P. KARTHIKEYAN", "Designation": "ASSISTANT PROFESSOR (AGP 7000)"},
{"Name": "Mr. A. ALFRED RAJA MELVIN", "Designation": "ASSISTANT PROFESSOR (AGP 6000)"},
{"Name": "Mr. R. BRIGHT GEE VARGHESE", "Designation": "ASSISTANT PROFESSOR (AGP 6000)"},
{"Name": "Mrs. M. ROSHNI THANKA", "Designation": "ASSISTANT PROFESSOR (AGP 6000)"},
{"Name": "Mr. S. IWIN THANAKUMAR", "Designation": "ASSISTANT PROFESSOR (AGP 6000)"},
{"Name": "Mr. V. KARUNAKARAN", "Designation": "ASSISTANT PROFESSOR (AGP 6000)"},
{"Name": "Ms. ROSE RANI JOHN,", "Designation": "ASSISTANT PROFESSOR (AGP 6000)"},
{"Name": "Mrs. C. PRIYADHARSINI", "Designation": "ASSISTANT PROFESSOR (AGP 6000)"},
{"Name": "Ms. I. DEVA PRIYA", "Designation": "ASSISTANT PROFESSOR (AGP 6000)"},
{"Name": "Mr. JEBAN CHANDIR MOSES", "Designation": "ASSISTANT PROFESSOR (AGP 6000)"},
{"Name": "Mrs. T. MATHU", "Designation": "ASSISTANT PROFESSOR (AGP 6000)"},
{"Name": "Mrs. J.A.M. REXIE", "Designation": "ASSISTANT PROFESSOR (AGP 6000)"},
{"Name": "Mrs. T. JEMIMA JEBASEELI", "Designation": "ASSISTANT PROFESSOR (AGP 6000)"},
{"Name": "Mr. E. BIJOLIN EDWIN", "Designation": "ASSISTANT PROFESSOR (AGP 6000)"},
{"Name": "Mrs. S. SEETHA", "Designation": "ASSISTANT PROFESSOR (AGP 6000)"},
{"Name": "Mrs. S. JEBA PRIYA", "Designation": "ASSISTANT PROFESSOR (AGP 6000)"},
{"Name": "Mrs. D. NARMADHA", "Designation": "ASSISTANT PROFESSOR (AGP 6000)"},
{"Name": "Mr. J. SEBASTIAN TERENCE", "Designation": "ASSISTANT PROFESSOR (AGP 6000)"},
{"Name": "Mr. A. FELIX AROKYA JOSE", "Designation": "ASSISTANT PROFESSOR (AGP 6000)"},
{"Name": "Mrs. S. LEELA", "Designation": "ASSISTANT PROFESSOR (AGP 6000)"},
{"Name": "Mrs. S. AKILA AGNES", "Designation": "ASSISTANT PROFESSOR (AGP 6000)"},
{"Name": "Mr. V. JEYAKRISHNAN", "Designation": "ASSISTANT PROFESSOR (AGP 6000)"},
{"Name": "Mr. S. JOHN LIVINGSTON", "Designation": "ASSISTANT PROFESSOR (AGP 6000)"},
{"Name": "Ms. A. DIANA", "Designation": "ASSISTANT PROFESSOR (AGP 6000)"},
{"Name": "Mr. J. ANDREW", "Designation": "ASSISTANT PROFESSOR (AGP 6000)"},
{"Name": "Mrs. J. REX FIONA", "Designation": "ASSISTANT PROFESSOR (AGP 6000)"},
{"Name": "Mrs. G. ADLIN SHEEBA", "Designation": "ASSISTANT PROFESSOR (AGP 6000)"},
{"Name": "Mr. R.V. BELFIN", "Designation": "ASSISTANT PROFESSOR (AGP 6000)"},
{"Name": "Mr. B.L. RADHAKRISHNAN", "Designation": "ASSISTANT PROFESSOR (AGP 6000)"},
{"Name": "Mr. S. BASIL XAVIER", "Designation": "ASSISTANT PROFESSOR (AGP 6000)"},
{"Name": "Mr. D. SHIBIN", "Designation": "ASSISTANT PROFESSOR (AGP 6000)"},
{"Name": "Mr. S. SUDHAKAR", "Designation": "ASSISTANT PROFESSOR (AGP 6000)"},
{"Name": "Mr.Sathiyaraj", "Designation": "Asst. Grade 2"},
{"Name": "Mr.Chandran", "Designation": "Asst. Grade 2"},
{"Name": "Mr.Robert Jebasingh", "Designation": "Console operator"},
{"Name": "Mr.D.Premkumar", "Designation": "Lab Technician GR I"},
{"Name": "Mr.J.Suthakar Jackson", "Designation": "Lab Technician GR I"},
{"Name": "Mr.Jesulee Divahar Maniraj", "Designation": "Lab Technician GR I"},
{"Name": "Mr.S.Naveen Charles.", "Designation": "Lab Technician GR I"},
{"Name": "Mr.Bubeshkumar Manova", "Designation": "Lab Technician GR I"},
{"Name": "Mr.A.Martin Porus", "Designation": "Lab Technician GR I"},
{"Name": "Mr.Samuel Devakumar", "Designation": "Lab Technician GR I"},
{"Name": "Mr.S.Christober", "Designation": "Lab Technician GR I"},
{"Name": "Mr.Saju Thomas", "Designation": "Lab Technician GR I"},
{"Name": "Mr.Johnson", "Designation": "Lab Technician GR I"},
{"Name": "Mr.Vijai Daniel", "Designation": "Lab Technician GR I"}
,
{"Name": "Dr. Immanuel Selvakumar ", "Designation": "Head of the Department, Electrical Sciences, "},
{"Name": "Dr. Shobha Rekh Paulson", "Designation": "Professor & Director - IAC"},
{"Name": "Dr. G. Josemin Bala", "Designation": "Professor "},
{"Name": "Dr. D. Jackuline Moni", "Designation": "Professor"},
{"Name": "Dr. N.M.Sivamangai", "Designation": "Associate Professor & Programme Coordinator (UG-ECE)"},
{"Name": "Dr. Nesasudha", "Designation": "Associate Professor"},
{"Name": "Dr. Jude Hemanth", "Designation": "Associate Professor"},
{"Name": "Dr. D.Nirmal", "Designation": "Associate Professor & Programme Coordinator (PG-E&T)"},
{"Name": "Dr. Abraham Chandy", "Designation": "Associate Professor & Programme Coordinator (UG-EIE)"},
{"Name": "Dr. J. Anitha", "Designation": "Associate Professor"},
{"Name": "Dr. S. Thomas George", "Designation": "Associate Professor"},
{"Name": "Dr. S. Shylu Sam", "Designation": "Associate Professor"},
{"Name": "Dr. Anita Jones Mary", "Designation": "Assistant Professor"},
{"Name": "Mrs. Jasmine David", "Designation": "Assistant Professor"},
{"Name": "Dr. Sridevi Sathya Priya", "Designation": "Assistant Professor"},
{"Name": "Dr. Immanuel Alex Pandian", "Designation": "Assistant Professor"},
{"Name": "Dr. Roopa Jeyasingh", "Designation": "Assistant Professor"},
{"Name": "Mr. Sugumar", "Designation": "Assistant Professor"},
{"Name": "Mrs. Grace Jency", "Designation": "Assistant Professor"},
{"Name": "Dr. Manoj", "Designation": "Assistant Professor"},
{"Name": "Mr. Samson Immanuel", "Designation": "Assistant Professor"},
{"Name": "Mr. Suriavel Rao", "Designation": "Assistant Professor"},
{"Name": "Dr. Raveena Judie Dolly", "Designation": "Assistant Professor"},
{"Name": "Dr. Flavia Princess Nesamani", "Designation": "Assistant Professor"},
{"Name": "Dr. Jagannath", "Designation": "Assistant Professor"},
{"Name": "Dr. Narain Ponraj", "Designation": "Assistant Professor"},
{"Name": "Mrs. Shinelet", "Designation": "Assistant Professor"},
{"Name": "Mrs. Bella Mary", "Designation": "Assistant Professor"},
{"Name": " Dr. Manjurathi*", "Designation": "Assistant Professor"},
{"Name": "Mrs. Diana Andrushia", "Designation": "Assistant Professor"},
{"Name": " Mrs. Radha", "Designation": "Assistant Professor"},
{"Name": "Mr. Amir Anton Jone", "Designation": "Assistant Professor"},
{"Name": "Mrs. Lilly Malarvizhi", "Designation": "Assistant Professor"},
{"Name": "Mr. Dhanasekar", "Designation": "Assistant Professor"},
{"Name": "Mrs. Manimekalai", "Designation": "Assistant Professor"},
{"Name": "Mr. Alfred Kirubaraj", "Designation": "Assistant Professor"},
{"Name": "Mr. Shajin Prince", "Designation": "Assistant Professor"},
{"Name": "Mr. Dinesh Kumar*", "Designation": "Assistant Professor"},
{"Name": "Mrs. Jeevitha", "Designation": "Assistant Professor"},
{"Name": "Mrs. Mary Neebha", "Designation": "Assistant Professor"},
{"Name": "Mr. Merlin Gilbert Raj", "Designation": "Assistant Professor"},
{"Name": "Mr. John Paul", "Designation": "Assistant Professor"},
{"Name": "Mr. Augustine Fletcher", "Designation": "Assistant Professor"},
{"Name": "Mr. James Raja", "Designation": "Assistant Professor"},
{"Name": "Ms. Suganthi Evangeline", "Designation": "Assistant Professor"},
{"Name": "Mrs. Malin Bruntha", "Designation": "Assistant Professor"},
{"Name": "Mr.J.Jenkin Winston", "Designation": "Assistant Professor"},
{"Name": "Mr.H.Victor Du John", "Designation": "Assistant Professor"},
{"Name": "Mrs. Catherine Joy ", "Designation": "Assistant Professor"},
{"Name": "Mr.K.Martin Sagayam", "Designation": "Assistant Professor"},
{"Name": "Mr.S.Xavier Arockiaraj* ", "Designation": "Assistant Professor"},
{"Name": "Mrs. Rekha", "Designation": "Assistant Professor"},
{"Name": "Mr. P. Gomar Gunaseelan", "Designation": "Assistant Grade I"},
{"Name": "Mr.P. Wesley", "Designation": "Assistant Grade II"},
{"Name": "Mr. Jeyaseelan", "Designation": "Senior Lab Technician"},
{"Name": "Mr.Jeyachandran", "Designation": "Senior Lab Technician"},
{"Name": "Mr. Arul Raj Kumar", "Designation": "Senior Lab Technician"},
{"Name": "Mr. Wilson Christopher Raj", "Designation": "Lab Technician"},
{"Name": "Mr. Manohar Livingston", "Designation": "Lab Technician"},
{"Name": "Mr. Jebavaram", "Designation": "Lab Technician"}
,
{"Name": "Dr. L. Godson Asirvatham ", "Designation": "Professor and HOD "},
{"Name": "Dr. K. Leo Dev Wins", "Designation": "Professor, Programme Coordinator "},
{"Name": "Dr. T.V. Christy", "Designation": "Professor "},
{"Name": "Dr. D. Robinson Smart", "Designation": "Professor "},
{"Name": "Dr. P. SAM PAUL", "Designation": "Professor "},
{"Name": "Dr. G. Ganesan", "Designation": "Associate Professor "},
{"Name": "Dr. C. P. JAWAHAR", "Designation": "Associate Professor "},
{"Name": "Dr. S. Antony Raja", "Designation": "Associate Professor "},
{"Name": "Dr. D. PHILIP SELVARAJ", "Designation": "Associate Professor(SG) "},
{"Name": "Dr.R.RAJA", "Designation": "Assistant Professor "},
{"Name": "Mr. B.Jefferson Raja Bose", "Designation": "Assistant Professor(SG) "},
{"Name": "Dr. RAJAKUMAR S. RAI", "Designation": "Assistant Professor "},
{"Name": "Dr. S.J.Vijay", "Designation": "Assistant Professor(SG) "},
{"Name": "Dr. BabuRaoGadudasu", "Designation": "Assistant Professor "},
{"Name": "Mr. Joseph John Marshal. S", "Designation": "Assistant Professor(SG) "},
{"Name": "Mr. M.Wilson Kumar", "Designation": "Assistant Professor "},
{"Name": "Mrs. K.GnanaSundari", "Designation": "Assistant Professor "},
{"Name": "Dr. Sabitha Jannet", "Designation": "Assistant Professor "},
{"Name": "S.EMERALD NINOLIN", "Designation": "Assistant Professor "},
{"Name": "Mr. M.SURESH", "Designation": "Assistant Professor "},
{"Name": "Mr. I.Kantharaj", "Designation": "Assistant Professor "},
{"Name": "Mr. BALASUBRAMANIAN.K", "Designation": "Assistant Professor "},
{"Name": "Mr. G.PrabhuRubesh", "Designation": "Assistant Professor "},
{"Name": "Mrs. Mona Sahu", "Designation": "Assistant Professor "},
{"Name": "Mr.P.Ramkumar", "Designation": "Assistant Professor "},
{"Name": "Mr. S. Mohanasundaram", "Designation": "Assistant Professor "},
{"Name": "Mr.D. Emmanuel Sam Franklin", "Designation": "Assistant Professor "},
{"Name": "Mr. S.RAJESH RUBAN", "Designation": "Assistant Professor "},
{"Name": "LIJIN GEORGE", "Designation": "Assistant Professor "},
{"Name": "Mr.G.Lawrance", "Designation": "Assistant Professor "},
{"Name": "Mr. Bobby P Paul", "Designation": "Assistant Professor "},
{"Name": "Mr. Ajay Vasanth. X", "Designation": "Assistant Professor "},
{"Name": "Mr. SURESH E", "Designation": "Assistant Professor "},
{"Name": "Mr. P. JAYASEELAN", "Designation": "Assistant Professor "},
{"Name": "Dr. K. Prabhu", "Designation": "Assistant Professor "},
{"Name": "Dr. A Brusly Solomon", "Designation": "Assistant Professor "},
{"Name": "Mr. ANTHUVAN STEPHEN EDBERK J", "Designation": "Assistant Professor "},
{"Name": "Mr. D.S. Ebenezer Jacob Dhas", "Designation": "Assistant Professor "},
{"Name": "Mr. Allen Varughese", "Designation": "Assistant Professor "},
{"Name": "Mr. Daniel E", "Designation": "Assistant Professor "},
{"Name": "Mr. TITUS THANKACHAN", "Designation": "Assistant Professor "},
{"Name": "Mr. S. Benny Raj", "Designation": "Assistant Professor "}
,
{"Name": "Dr.J.Jannet Vennila, ", "Designation": "Professor"},
{"Name": "Dr. Md. Afroz Alam,", "Designation": "Assistant Professor (SG) & Program Coordinator"},
{"Name": "Dr.Jobin Varkey*, ", "Designation": "Assistant Professor "},
{"Name": "Dr.Sowmya B.L*,", "Designation": "Assistant Professor"},
{"Name": "Mr. D. Premnath**, ", "Designation": "Assistant Professor"},
{"Name": "Ms. R. Mohana Priya, ", "Designation": "Assistant Professor"},
{"Name": "Mr. AN. Kaarthik,", "Designation": "Assistant Professor"},
{"Name": "Dr. Sachidanand* Singh, ", "Designation": "Assistant Professor"},
{"Name": "Dr. Atul Kumar*, ", "Designation": "Assistant Professor "},
{"Name": "Prof.Jayandharan Giridhara Rao,", "Designation": "Associate Professor, Department of Bilogical sciences and Bioengineering IIT - Kanpur"}
,
{"Name": "Dr. A. IMMANUEL SELVAKUMAR, M.E., Ph.D.,", "Designation": "Professor & Head, Department of Electrical Sciences "},
{"Name": "Dr. D. Abraham Chandy, M.E.,Ph.D", "Designation": "Associate Professor & UG Programme Coordinator "},
{"Name": "Dr. K. Rajasekaran, M.Tech.,Ph.D", "Designation": "Professor "},
{"Name": "Dr. Subha Hency Jose, M.E.,Ph.D", "Designation": "Assistant Professor "},
{"Name": "Dr. P. Rajalakshmy, M.E.,Ph.D", "Designation": "Assistant Professor "},
{"Name": "Dr. D. Pamela, M.E.,Ph.D", "Designation": "Associate Professor "},
{"Name": "Mr. J .Samson Isaac, M.Tech.,(Ph.D)", "Designation": "Assistant Professor "},
{"Name": "Mr. K. Gerard Joe Nigel, M.E.,(Ph.D)", "Designation": "Assistant Professor "},
{"Name": "Mr. P. Anantha Christu Raj, M.E.,(Ph.D)", "Designation": "Assistant Professor "},
{"Name": "Mr. L. D. Vijay Anand, M.E.,(Ph.D)", "Designation": "Assistant Professor "},
{"Name": "Dr. X. Anitha Mary, M.E.,Ph.D", "Designation": "Assistant Professor "},
{"Name": "Dr. R. Jegan, M.Tech.,Ph.D", "Designation": "Assistant Professor "},
{"Name": "Mrs. E.Smily Jeya Jothi, M.E., (Ph.D) (On Leave)", "Designation": "Assistant Professor "},
{"Name": "Mrs. B.Thilagavathi, M.E., (Ph.D)", "Designation": "Assistant Professor "},
{"Name": "Mrs. Hepsiba D, M.E., (Ph.D)", "Designation": "Assistant Professor "},
{"Name": "Mr. P. Vijay Daniel, M.E., (Ph.D)", "Designation": "Assistant Professor "},
{"Name": "Mrs. Lina Rose, M.Tech.,(Ph.D)", "Designation": "Assistant Professor "},
{"Name": "Mr. P. Kingston Stanley, M.E.,(Ph.D)", "Designation": "Assistant Professor "},
{"Name": "Mr. C. Mahesh, M.Tech.,(Ph.D)", "Designation": "Assistant Professor "},
{"Name": "Dr. J Gnanaraj", "Designation": "Adjunct Professor "},
{"Name": "Mr. Manoj Vijayan", "Designation": "Adjunct Professor "},
{"Name": "Mr. Samuel James", "Designation": "Adjunct Professor "},
{"Name": "Mr. G. Jebakumar Selwyn, M.A(Pub.Admn)", "Designation": "Assistant Gr I "},
{"Name": "Mr. G. Joseph Chinnadurai., D.E.E.E ", "Designation": "Lab Technician Gr I "},
{"Name": "Mr. J. DevaPrakash., D.E.C.E,", "Designation": "Lab Technician Gr I "},
{"Name": "Mr. L. Patturaj. D.E.E.E ", "Designation": "Lab Technician Gr II "}
]
