{"feb":
[
{"Name": " Dr. E. KIRUBAKARAN, ", "Designation": "Professor & Head - CST"},
{"Name": "PROF. Dr. R. ELIJAH BLESSING, ", "Designation": "Professor & Registrar-KITS"},
{"Name": "Dr. J. IMMANUEL JOHNRAJA,", "Designation": "Associate Professor & UG coordinator "},
{"Name": "Dr. J. DINESH PETER,", "Designation": "Associate Professor & PG coordinator"},
{"Name": "Mr. S.E. VINODH EWARDS,", "Designation": "HEAD-CTC & ASSISTANT PROFESSOR (AGP 8000)"},
{"Name": "Dr. KUMUDHA RAIMOND,", "Designation": "Professor"},
{"Name": "Dr. E. GRACE MARY KANAGA,", "Designation": "Associate Professor"},
{"Name": "Dr. S. SALAJA,", "Designation": "Associate Professor"},
{"Name": "Dr. G. JASPHER W KATHRINE,", "Designation": "ASSISTANT PROFESSOR (AGP 8000)"},
{"Name": "Mrs. A. SHAMILA EBENEZER,", "Designation": "ASSISTANT PROFESSOR (AGP 8000)"},
{"Name": "Mrs. MARGRET JOHNSON", "Designation": "ASSISTANT PROFESSOR (AGP 8000)"},
{"Name": "Mrs. P. GETZI JEBA", "Designation": "ASSISTANT PROFESSOR (AGP 8000)"},
{"Name": "Mr. G. EDWIN PREM KUMAR", "Designation": "ASSISTANT PROFESSOR (AGP 8000)"},
{"Name": "Mrs. A. KETHSY PRABAVATHY, (Ph.D)", "Designation": "ASSISTANT PROFESSOR (AGP 8000)"},
{"Name": "Mrs. S. DEEPA KANMANI", "Designation": "ASSISTANT PROFESSOR (AGP 8000)"},
{"Name": "Mrs. S. DURGA", "Designation": "ASSISTANT PROFESSOR (AGP 8000)"},
{"Name": "Dr. K. RAMALAKSHMI", "Designation": "ASSISTANT PROFESSOR (AGP 8000)"},
{"Name": "Dr. R. VENKATESAN", "Designation": "ASSISTANT PROFESSOR (AGP 8000)"},
{"Name": "Dr. G. NAVEEN SUNDAR", "Designation": "ASSISTANT PROFESSOR (AGP 8000)"},
{"Name": "Dr. D. SUJITHA JULIET", "Designation": "ASSISTANT PROFESSOR (AGP 8000)"},
{"Name": "Dr. J. ANITHA", "Designation": "ASSISTANT PROFESSOR (AGP 7000)"},
{"Name": "Mr. V.M. ARUL XAVIER", "Designation": "ASSISTANT PROFESSOR (AGP 7000)"},
{"Name": "Mrs. P. ANITHA CHRISTY", "Designation": "ASSISTANT PROFESSOR (AGP 7000)"},
{"Name": "Mrs. ESTHER DANIEL", "Designation": "ASSISTANT PROFESSOR (AGP 7000)"},
{"Name": "Mrs. M. MYTHILY", "Designation": "ASSISTANT PROFESSOR (AGP 7000)"},
{"Name": "Mr. P. KARTHIKEYAN", "Designation": "ASSISTANT PROFESSOR (AGP 7000)"},
{"Name": "Mr. A. ALFRED RAJA MELVIN", "Designation": "ASSISTANT PROFESSOR (AGP 6000)"},
{"Name": "Mr. R. BRIGHT GEE VARGHESE", "Designation": "ASSISTANT PROFESSOR (AGP 6000)"},
{"Name": "Mrs. M. ROSHNI THANKA", "Designation": "ASSISTANT PROFESSOR (AGP 6000)"},
{"Name": "Mr. S. IWIN THANAKUMAR", "Designation": "ASSISTANT PROFESSOR (AGP 6000)"},
{"Name": "Mr. V. KARUNAKARAN", "Designation": "ASSISTANT PROFESSOR (AGP 6000)"},
{"Name": "Ms. ROSE RANI JOHN,", "Designation": "ASSISTANT PROFESSOR (AGP 6000)"},
{"Name": "Mrs. C. PRIYADHARSINI", "Designation": "ASSISTANT PROFESSOR (AGP 6000)"},
{"Name": "Ms. I. DEVA PRIYA", "Designation": "ASSISTANT PROFESSOR (AGP 6000)"},
{"Name": "Mr. JEBAN CHANDIR MOSES", "Designation": "ASSISTANT PROFESSOR (AGP 6000)"},
{"Name": "Mrs. T. MATHU", "Designation": "ASSISTANT PROFESSOR (AGP 6000)"},
{"Name": "Mrs. J.A.M. REXIE", "Designation": "ASSISTANT PROFESSOR (AGP 6000)"},
{"Name": "Mrs. T. JEMIMA JEBASEELI", "Designation": "ASSISTANT PROFESSOR (AGP 6000)"},
{"Name": "Mr. E. BIJOLIN EDWIN", "Designation": "ASSISTANT PROFESSOR (AGP 6000)"},
{"Name": "Mrs. S. SEETHA", "Designation": "ASSISTANT PROFESSOR (AGP 6000)"},
{"Name": "Mrs. S. JEBA PRIYA", "Designation": "ASSISTANT PROFESSOR (AGP 6000)"},
{"Name": "Mrs. D. NARMADHA", "Designation": "ASSISTANT PROFESSOR (AGP 6000)"},
{"Name": "Mr. J. SEBASTIAN TERENCE", "Designation": "ASSISTANT PROFESSOR (AGP 6000)"},
{"Name": "Mr. A. FELIX AROKYA JOSE", "Designation": "ASSISTANT PROFESSOR (AGP 6000)"},
{"Name": "Mrs. S. LEELA", "Designation": "ASSISTANT PROFESSOR (AGP 6000)"},
{"Name": "Mrs. S. AKILA AGNES", "Designation": "ASSISTANT PROFESSOR (AGP 6000)"},
{"Name": "Mr. V. JEYAKRISHNAN", "Designation": "ASSISTANT PROFESSOR (AGP 6000)"},
{"Name": "Mr. S. JOHN LIVINGSTON", "Designation": "ASSISTANT PROFESSOR (AGP 6000)"},
{"Name": "Ms. A. DIANA", "Designation": "ASSISTANT PROFESSOR (AGP 6000)"},
{"Name": "Mr. J. ANDREW", "Designation": "ASSISTANT PROFESSOR (AGP 6000)"},
{"Name": "Mrs. J. REX FIONA", "Designation": "ASSISTANT PROFESSOR (AGP 6000)"},
{"Name": "Mrs. G. ADLIN SHEEBA", "Designation": "ASSISTANT PROFESSOR (AGP 6000)"},
{"Name": "Mr. R.V. BELFIN", "Designation": "ASSISTANT PROFESSOR (AGP 6000)"},
{"Name": "Mr. B.L. RADHAKRISHNAN", "Designation": "ASSISTANT PROFESSOR (AGP 6000)"},
{"Name": "Mr. S. BASIL XAVIER", "Designation": "ASSISTANT PROFESSOR (AGP 6000)"},
{"Name": "Mr. D. SHIBIN", "Designation": "ASSISTANT PROFESSOR (AGP 6000)"},
{"Name": "Mr. S. SUDHAKAR", "Designation": "ASSISTANT PROFESSOR (AGP 6000)"},
{"Name": "Mr.Sathiyaraj", "Designation": "Asst. Grade 2"},
{"Name": "Mr.Chandran", "Designation": "Asst. Grade 2"},
{"Name": "Mr.Robert Jebasingh", "Designation": "Console operator"},
{"Name": "Mr.D.Premkumar", "Designation": "Lab Technician GR I"},
{"Name": "Mr.J.Suthakar Jackson", "Designation": "Lab Technician GR I"},
{"Name": "Mr.Jesulee Divahar Maniraj", "Designation": "Lab Technician GR I"},
{"Name": "Mr.S.Naveen Charles.", "Designation": "Lab Technician GR I"},
{"Name": "Mr.Bubeshkumar Manova", "Designation": "Lab Technician GR I"},
{"Name": "Mr.A.Martin Porus", "Designation": "Lab Technician GR I"},
{"Name": "Mr.Samuel Devakumar", "Designation": "Lab Technician GR I"},
{"Name": "Mr.S.Christober", "Designation": "Lab Technician GR I"},
{"Name": "Mr.Saju Thomas", "Designation": "Lab Technician GR I"},
{"Name": "Mr.Johnson", "Designation": "Lab Technician GR I"},
{"Name": "Mr.Vijai Daniel", "Designation": "Lab Technician GR I"}
]}
