[
{"Name": "Dr. Immanuel Selvakumar ", "Designation": "Head of the Department, Electrical Sciences, "},
{"Name": "Dr. Shobha Rekh Paulson", "Designation": "Professor & Director - IAC"},
{"Name": "Dr. G. Josemin Bala", "Designation": "Professor "},
{"Name": "Dr. D. Jackuline Moni", "Designation": "Professor"},
{"Name": "Dr. N.M.Sivamangai", "Designation": "Associate Professor & Programme Coordinator (UG-ECE)"},
{"Name": "Dr. Nesasudha", "Designation": "Associate Professor"},
{"Name": "Dr. Jude Hemanth", "Designation": "Associate Professor"},
{"Name": "Dr. D.Nirmal", "Designation": "Associate Professor & Programme Coordinator (PG-E&T)"},
{"Name": "Dr. Abraham Chandy", "Designation": "Associate Professor & Programme Coordinator (UG-EIE)"},
{"Name": "Dr. J. Anitha", "Designation": "Associate Professor"},
{"Name": "Dr. S. Thomas George", "Designation": "Associate Professor"},
{"Name": "Dr. S. Shylu Sam", "Designation": "Associate Professor"},
{"Name": "Dr. Anita Jones Mary", "Designation": "Assistant Professor"},
{"Name": "Mrs. Jasmine David", "Designation": "Assistant Professor"},
{"Name": "Dr. Sridevi Sathya Priya", "Designation": "Assistant Professor"},
{"Name": "Dr. Immanuel Alex Pandian", "Designation": "Assistant Professor"},
{"Name": "Dr. Roopa Jeyasingh", "Designation": "Assistant Professor"},
{"Name": "Mr. Sugumar", "Designation": "Assistant Professor"},
{"Name": "Mrs. Grace Jency", "Designation": "Assistant Professor"},
{"Name": "Dr. Manoj", "Designation": "Assistant Professor"},
{"Name": "Mr. Samson Immanuel", "Designation": "Assistant Professor"},
{"Name": "Mr. Suriavel Rao", "Designation": "Assistant Professor"},
{"Name": "Dr. Raveena Judie Dolly", "Designation": "Assistant Professor"},
{"Name": "Dr. Flavia Princess Nesamani", "Designation": "Assistant Professor"},
{"Name": "Dr. Jagannath", "Designation": "Assistant Professor"},
{"Name": "Dr. Narain Ponraj", "Designation": "Assistant Professor"},
{"Name": "Mrs. Shinelet", "Designation": "Assistant Professor"},
{"Name": "Mrs. Bella Mary", "Designation": "Assistant Professor"},
{"Name": " Dr. Manjurathi*", "Designation": "Assistant Professor"},
{"Name": "Mrs. Diana Andrushia", "Designation": "Assistant Professor"},
{"Name": " Mrs. Radha", "Designation": "Assistant Professor"},
{"Name": "Mr. Amir Anton Jone", "Designation": "Assistant Professor"},
{"Name": "Mrs. Lilly Malarvizhi", "Designation": "Assistant Professor"},
{"Name": "Mr. Dhanasekar", "Designation": "Assistant Professor"},
{"Name": "Mrs. Manimekalai", "Designation": "Assistant Professor"},
{"Name": "Mr. Alfred Kirubaraj", "Designation": "Assistant Professor"},
{"Name": "Mr. Shajin Prince", "Designation": "Assistant Professor"},
{"Name": "Mr. Dinesh Kumar*", "Designation": "Assistant Professor"},
{"Name": "Mrs. Jeevitha", "Designation": "Assistant Professor"},
{"Name": "Mrs. Mary Neebha", "Designation": "Assistant Professor"},
{"Name": "Mr. Merlin Gilbert Raj", "Designation": "Assistant Professor"},
{"Name": "Mr. John Paul", "Designation": "Assistant Professor"},
{"Name": "Mr. Augustine Fletcher", "Designation": "Assistant Professor"},
{"Name": "Mr. James Raja", "Designation": "Assistant Professor"},
{"Name": "Ms. Suganthi Evangeline", "Designation": "Assistant Professor"},
{"Name": "Mrs. Malin Bruntha", "Designation": "Assistant Professor"},
{"Name": "Mr.J.Jenkin Winston", "Designation": "Assistant Professor"},
{"Name": "Mr.H.Victor Du John", "Designation": "Assistant Professor"},
{"Name": "Mrs. Catherine Joy ", "Designation": "Assistant Professor"},
{"Name": "Mr.K.Martin Sagayam", "Designation": "Assistant Professor"},
{"Name": "Mr.S.Xavier Arockiaraj* ", "Designation": "Assistant Professor"},
{"Name": "Mrs. Rekha", "Designation": "Assistant Professor"},
{"Name": "Mr. P. Gomar Gunaseelan", "Designation": "Assistant Grade I"},
{"Name": "Mr.P. Wesley", "Designation": "Assistant Grade II"},
{"Name": "Mr. Jeyaseelan", "Designation": "Senior Lab Technician"},
{"Name": "Mr.Jeyachandran", "Designation": "Senior Lab Technician"},
{"Name": "Mr. Arul Raj Kumar", "Designation": "Senior Lab Technician"},
{"Name": "Mr. Wilson Christopher Raj", "Designation": "Lab Technician"},
{"Name": "Mr. Manohar Livingston", "Designation": "Lab Technician"},
{"Name": "Mr. Jebavaram", "Designation": "Lab Technician"}
][
{"Name": "Dr. L. Godson Asirvatham ", "Designation": "Professor and HOD "},
{"Name": "Dr. K. Leo Dev Wins", "Designation": "Professor, Programme Coordinator "},
{"Name": "Dr. T.V. Christy", "Designation": "Professor "},
{"Name": "Dr. D. Robinson Smart", "Designation": "Professor "},
{"Name": "Dr. P. SAM PAUL", "Designation": "Professor "},
{"Name": "Dr. G. Ganesan", "Designation": "Associate Professor "},
{"Name": "Dr. C. P. JAWAHAR", "Designation": "Associate Professor "},
{"Name": "Dr. S. Antony Raja", "Designation": "Associate Professor "},
{"Name": "Dr. D. PHILIP SELVARAJ", "Designation": "Associate Professor(SG) "},
{"Name": "Dr.R.RAJA", "Designation": "Assistant Professor "},
{"Name": "Mr. B.Jefferson Raja Bose", "Designation": "Assistant Professor(SG) "},
{"Name": "Dr. RAJAKUMAR S. RAI", "Designation": "Assistant Professor "},
{"Name": "Dr. S.J.Vijay", "Designation": "Assistant Professor(SG) "},
{"Name": "Dr. BabuRaoGadudasu", "Designation": "Assistant Professor "},
{"Name": "Mr. Joseph John Marshal. S", "Designation": "Assistant Professor(SG) "},
{"Name": "Mr. M.Wilson Kumar", "Designation": "Assistant Professor "},
{"Name": "Mrs. K.GnanaSundari", "Designation": "Assistant Professor "},
{"Name": "Dr. Sabitha Jannet", "Designation": "Assistant Professor "},
{"Name": "S.EMERALD NINOLIN", "Designation": "Assistant Professor "},
{"Name": "Mr. M.SURESH", "Designation": "Assistant Professor "},
{"Name": "Mr. I.Kantharaj", "Designation": "Assistant Professor "},
{"Name": "Mr. BALASUBRAMANIAN.K", "Designation": "Assistant Professor "},
{"Name": "Mr. G.PrabhuRubesh", "Designation": "Assistant Professor "},
{"Name": "Mrs. Mona Sahu", "Designation": "Assistant Professor "},
{"Name": "Mr.P.Ramkumar", "Designation": "Assistant Professor "},
{"Name": "Mr. S. Mohanasundaram", "Designation": "Assistant Professor "},
{"Name": "Mr.D. Emmanuel Sam Franklin", "Designation": "Assistant Professor "},
{"Name": "Mr. S.RAJESH RUBAN", "Designation": "Assistant Professor "},
{"Name": "LIJIN GEORGE", "Designation": "Assistant Professor "},
{"Name": "Mr.G.Lawrance", "Designation": "Assistant Professor "},
{"Name": "Mr. Bobby P Paul", "Designation": "Assistant Professor "},
{"Name": "Mr. Ajay Vasanth. X", "Designation": "Assistant Professor "},
{"Name": "Mr. SURESH E", "Designation": "Assistant Professor "},
{"Name": "Mr. P. JAYASEELAN", "Designation": "Assistant Professor "},
{"Name": "Dr. K. Prabhu", "Designation": "Assistant Professor "},
{"Name": "Dr. A Brusly Solomon", "Designation": "Assistant Professor "},
{"Name": "Mr. ANTHUVAN STEPHEN EDBERK J", "Designation": "Assistant Professor "},
{"Name": "Mr. D.S. Ebenezer Jacob Dhas", "Designation": "Assistant Professor "},
{"Name": "Mr. Allen Varughese", "Designation": "Assistant Professor "},
{"Name": "Mr. Daniel E", "Designation": "Assistant Professor "},
{"Name": "Mr. TITUS THANKACHAN", "Designation": "Assistant Professor "},
{"Name": "Mr. S. Benny Raj", "Designation": "Assistant Professor "}
][
{"Name": "Dr. L. Godson Asirvatham ", "Designation": "Professor and HOD "},
{"Name": "Dr. K. Leo Dev Wins", "Designation": "Professor, Programme Coordinator "},
{"Name": "Dr. T.V. Christy", "Designation": "Professor "},
{"Name": "Dr. D. Robinson Smart", "Designation": "Professor "},
{"Name": "Dr. P. SAM PAUL", "Designation": "Professor "},
{"Name": "Dr. G. Ganesan", "Designation": "Associate Professor "},
{"Name": "Dr. C. P. JAWAHAR", "Designation": "Associate Professor "},
{"Name": "Dr. S. Antony Raja", "Designation": "Associate Professor "},
{"Name": "Dr. D. PHILIP SELVARAJ", "Designation": "Associate Professor(SG) "},
{"Name": "Dr.R.RAJA", "Designation": "Assistant Professor "},
{"Name": "Mr. B.Jefferson Raja Bose", "Designation": "Assistant Professor(SG) "},
{"Name": "Dr. RAJAKUMAR S. RAI", "Designation": "Assistant Professor "},
{"Name": "Dr. S.J.Vijay", "Designation": "Assistant Professor(SG) "},
{"Name": "Dr. BabuRaoGadudasu", "Designation": "Assistant Professor "},
{"Name": "Mr. Joseph John Marshal. S", "Designation": "Assistant Professor(SG) "},
{"Name": "Mr. M.Wilson Kumar", "Designation": "Assistant Professor "},
{"Name": "Mrs. K.GnanaSundari", "Designation": "Assistant Professor "},
{"Name": "Dr. Sabitha Jannet", "Designation": "Assistant Professor "},
{"Name": "S.EMERALD NINOLIN", "Designation": "Assistant Professor "},
{"Name": "Mr. M.SURESH", "Designation": "Assistant Professor "},
{"Name": "Mr. I.Kantharaj", "Designation": "Assistant Professor "},
{"Name": "Mr. BALASUBRAMANIAN.K", "Designation": "Assistant Professor "},
{"Name": "Mr. G.PrabhuRubesh", "Designation": "Assistant Professor "},
{"Name": "Mrs. Mona Sahu", "Designation": "Assistant Professor "},
{"Name": "Mr.P.Ramkumar", "Designation": "Assistant Professor "},
{"Name": "Mr. S. Mohanasundaram", "Designation": "Assistant Professor "},
{"Name": "Mr.D. Emmanuel Sam Franklin", "Designation": "Assistant Professor "},
{"Name": "Mr. S.RAJESH RUBAN", "Designation": "Assistant Professor "},
{"Name": "LIJIN GEORGE", "Designation": "Assistant Professor "},
{"Name": "Mr.G.Lawrance", "Designation": "Assistant Professor "},
{"Name": "Mr. Bobby P Paul", "Designation": "Assistant Professor "},
{"Name": "Mr. Ajay Vasanth. X", "Designation": "Assistant Professor "},
{"Name": "Mr. SURESH E", "Designation": "Assistant Professor "},
{"Name": "Mr. P. JAYASEELAN", "Designation": "Assistant Professor "},
{"Name": "Dr. K. Prabhu", "Designation": "Assistant Professor "},
{"Name": "Dr. A Brusly Solomon", "Designation": "Assistant Professor "},
{"Name": "Mr. ANTHUVAN STEPHEN EDBERK J", "Designation": "Assistant Professor "},
{"Name": "Mr. D.S. Ebenezer Jacob Dhas", "Designation": "Assistant Professor "},
{"Name": "Mr. Allen Varughese", "Designation": "Assistant Professor "},
{"Name": "Mr. Daniel E", "Designation": "Assistant Professor "},
{"Name": "Mr. TITUS THANKACHAN", "Designation": "Assistant Professor "},
{"Name": "Mr. S. Benny Raj", "Designation": "Assistant Professor "}
]